{
  "ItemHorizontalAlignment": 3,
  "ItemWidth": 100.0,
  "ItemHeight": 64.0,
  "FileViewType": 2,
  "FileLine1": [
    {
      "MarkUnimportant": {
        "Item1": -1,
        "Item2": -1
      },
      "RenderElement": "Name",
      "IsON": true,
      "ElementAlign": 0,
      "MinWidth": 200.0,
      "Padding": 66.0,
      "TextAlign": 0,
      "StringFormat": "",
      "MarkImportant": {
        "Item1": -1,
        "Item2": -1
      },
      "RemovalOrder": 1000.0
    },
    {
      "MarkUnimportant": {
        "Item1": -1,
        "Item2": -1
      },
      "RenderElement": "Size",
      "IsON": true,
      "ElementAlign": 2,
      "MinWidth": 75.0,
      "Padding": 0.0,
      "TextAlign": 1,
      "StringFormat": "",
      "MarkImportant": {
        "Item1": -1,
        "Item2": -1
      },
      "RemovalOrder": 100.0
    },
    {
      "MarkUnimportant": {
        "Item1": -1,
        "Item2": -1
      },
      "RenderElement": "Extension",
      "IsON": true,
      "ElementAlign": 0,
      "MinWidth": 40.0,
      "Padding": 9.0,
      "TextAlign": 0,
      "StringFormat": "",
      "MarkImportant": {
        "Item1": -1,
        "Item2": -1
      },
      "RemovalOrder": 1.0
    },
    {
      "MarkUnimportant": {
        "Item1": -1,
        "Item2": -1
      },
      "RenderElement": "DateTime",
      "IsON": true,
      "ElementAlign": 2,
      "MinWidth": 65.360000000000014,
      "Padding": 9.0,
      "TextAlign": 1,
      "MarkImportant": {
        "Item1": -1,
        "Item2": -1
      },
      "RemovalOrder": 2.0
    },
    {
      "MarkUnimportant": {
        "Item1": -1,
        "Item2": -1
      },
      "RenderElement": "Age",
      "IsON": false,
      "ElementAlign": 0,
      "MinWidth": 100.0,
      "Padding": 0.0,
      "TextAlign": 1,
      "StringFormat": "",
      "MarkImportant": {
        "Item1": -1,
        "Item2": -1
      },
      "RemovalOrder": 100.0
    },
    {
      "MarkUnimportant": {
        "Item1": -1,
        "Item2": -1
      },
      "RenderElement": "Time",
      "IsON": false,
      "ElementAlign": 0,
      "MinWidth": 32.480000000000004,
      "Padding": 0.0,
      "TextAlign": 1,
      "StringFormat": "",
      "MarkImportant": {
        "Item1": -1,
        "Item2": -1
      },
      "RemovalOrder": 100.0
    },
    {
      "MarkUnimportant": {
        "Item1": -1,
        "Item2": -1
      },
      "RenderElement": "Attributes",
      "IsON": false,
      "ElementAlign": 0,
      "MinWidth": 100.0,
      "Padding": 0.0,
      "TextAlign": 1,
      "StringFormat": "",
      "MarkImportant": {
        "Item1": -1,
        "Item2": -1
      },
      "RemovalOrder": 100.0
    },
    {
      "MarkUnimportant": {
        "Item1": -1,
        "Item2": -1
      },
      "RenderElement": "Owner",
      "IsON": false,
      "ElementAlign": 0,
      "MinWidth": 100.0,
      "Padding": 0.0,
      "TextAlign": 1,
      "StringFormat": "",
      "MarkImportant": {
        "Item1": -1,
        "Item2": -1
      },
      "RemovalOrder": 100.0
    },
    {
      "MarkUnimportant": {
        "Item1": -1,
        "Item2": -1
      },
      "RenderElement": "Metadata",
      "IsON": false,
      "ElementAlign": 0,
      "MinWidth": 100.0,
      "Padding": 0.0,
      "TextAlign": 1,
      "StringFormat": "",
      "MarkImportant": {
        "Item1": -1,
        "Item2": -1
      },
      "RemovalOrder": 100.0
    }
  ],
  "IconParams": {
    "ImgPos": "-18,0",
    "ImgSize": "16,16",
    "IsON": true,
    "IsAbsolute": false
  },
  "ThumbParams": {
    "ImgPos": "-66,0",
    "ImgSize": "64,64",
    "IsON": true,
    "IsAbsolute": false
  },
  "ThumbStretch": 2,
  "ViewName": "Thumbs+Details"
}