{"options":{"check_for_updates":false,"comment":null,"compat_foreach":false,"compat_metadata":false,"compat_powerful_this":null,"compat_wrappedjsobject":true,"compatopts_for_requires":true,"noframes":null,"override":{"merge_connects":true,"merge_excludes":true,"merge_includes":true,"merge_matches":true,"orig_connects":["4chan.org","4channel.org","4cdn.org","4chenz.github.io","archive.4plebs.org","warosu.org","desuarchive.org","boards.fireden.net","arch.b4k.co","archived.moe","thebarchive.com","archiveofsins.com","www.tokyochronos.net","archive.palanq.win","eientei.xyz","api.clyp.it","api.dailymotion.com","api.github.com","soundcloud.com","api.streamable.com","vimeo.com","www.youtube.com","*"],"orig_excludes":["http://www.4chan.org/advertise","https://www.4chan.org/advertise","http://www.4chan.org/advertise?*","https://www.4chan.org/advertise?*","http://www.4chan.org/donate","https://www.4chan.org/donate","http://www.4chan.org/donate?*","https://www.4chan.org/donate?*","http://www.4channel.org/advertise","https://www.4channel.org/advertise","http://www.4channel.org/advertise?*","https://www.4channel.org/advertise?*","http://www.4channel.org/donate","https://www.4channel.org/donate","http://www.4channel.org/donate?*","https://www.4channel.org/donate?*"],"orig_includes":["http://boards.4chan.org/*","https://boards.4chan.org/*","http://sys.4chan.org/*","https://sys.4chan.org/*","http://www.4chan.org/*","https://www.4chan.org/*","http://boards.4channel.org/*","https://boards.4channel.org/*","http://sys.4channel.org/*","https://sys.4channel.org/*","http://www.4channel.org/*","https://www.4channel.org/*","http://i.4cdn.org/*","https://i.4cdn.org/*","http://is.4chan.org/*","https://is.4chan.org/*","http://is2.4chan.org/*","https://is2.4chan.org/*","http://is.4channel.org/*","https://is.4channel.org/*","http://is2.4channel.org/*","https://is2.4channel.org/*","https://erischan.org/*","https://www.erischan.org/*","https://fufufu.moe/*","https://gnfos.com/*","https://himasugi.blog/*","https://www.himasugi.blog/*","https://kakashinenpo.com/*","https://www.kakashinenpo.com/*","https://kissu.moe/*","https://www.kissu.moe/*","https://lainchan.org/*","https://www.lainchan.org/*","https://merorin.com/*","https://ota-ch.com/*","https://www.ota-ch.com/*","https://ponyville.us/*","https://www.ponyville.us/*","https://smuglo.li/*","https://notso.smuglo.li/*","https://smugloli.net/*","https://smug.nepu.moe/*","https://sportschan.org/*","https://www.sportschan.org/*","https://sushigirl.us/*","https://www.sushigirl.us/*","https://tvch.moe/*"],"orig_matches":[],"orig_noframes":null,"orig_run_at":"document-start","use_blockers":[],"use_connects":[],"use_excludes":[],"use_includes":[],"use_matches":[]},"run_at":null,"sandbox":null,"tab_types":null,"unwrap":null,"user_modified":null},"settings":{"enabled":false,"position":3},"meta":{"name":"4chan X","uuid":"ae5a7644-cad3-4c5c-86a7-56f548bcffd3","modified":1699983187325,"file_url":"https://www.4chan-x.net/builds/4chan-X.user.js"}}