{"ts":1717109636996,"data":{"4chan X.404 Redirect":"strue","4chan X.Add new post":"s\"Alt+n\"","4chan X.Advance Gallery":"s\"Enter\"","4chan X.Advance on contract":"sfalse","4chan X.All pages mode":"s\"Alt+3\"","4chan X.Allow Sound":"strue","4chan X.Anchor Hidden Threads":"strue","4chan X.Announcement Hiding":"strue","4chan X.Anonymize":"sfalse","4chan X.Archive Link":"strue","4chan X.Archive Report":"strue","4chan X.Auto Hide QR":"strue","4chan X.Auto Prune":"sfalse","4chan X.Auto Scroll":"sfalse","4chan X.Auto Update":"strue","4chan X.Auto Update Thread Watcher":"strue","4chan X.Auto Watch":"strue","4chan X.Auto Watch Reply":"strue","4chan X.Auto-embed":"sfalse","4chan X.Auto-load captcha":"sfalse","4chan X.Autohiding Scrollbar":"strue","4chan X.Autoplay":"strue","4chan X.Beep":"sfalse","4chan X.Beep Quoting You":"sfalse","4chan X.Bottom Backlinks":"sfalse","4chan X.Bottom Board List":"strue","4chan X.Bottom Header":"sfalse","4chan X.Bottom QR Link":"strue","4chan X.Bottom Scroll":"sfalse","4chan X.Captcha Fixes":"strue","4chan X.Catalog Hover Expand":"strue","4chan X.Catalog Hover Toggle":"strue","4chan X.Catalog Links":"strue","4chan X.Centered links":"strue","4chan X.Click Passthrough":"sfalse","4chan X.Close":"s\"Esc\"","4chan X.Code tags":"s\"Alt+c\"","4chan X.Color User IDs":"strue","4chan X.Comment Expansion":"strue","4chan X.Cooldown":"strue","4chan X.Copy Text Link":"strue","4chan X.Count Posts by ID":"strue","4chan X.Cover Preview":"sfalse","4chan X.Current Board":"sfalse","4chan X.Custom Board Navigation":"strue","4chan X.Custom Board Titles":"sfalse","4chan X.Custom CSS":"strue","4chan X.Cycle sort type":"s\"Alt+x\"","4chan X.Default Volume":"s0.6125","4chan X.Delete Link":"strue","4chan X.Deselect reply":"s\"Shift+d\"","4chan X.Desktop Notifications":"sfalse","4chan X.Disable Autoplaying Sounds":"strue","4chan X.Disable Native Extension":"strue","4chan X.Download Gallery Image":"s\"Shift+j\"","4chan X.Download Link":"strue","4chan X.Edit Link":"strue","4chan X.Embedding":"strue","4chan X.Enable Native Flash Embedding":"sfalse","4chan X.Eqn tags":"s\"Alt+e\"","4chan X.Except Archives from Encryption":"sfalse","4chan X.Exempt Archives from Encryption":"strue","4chan X.Expand from here":"sfalse","4chan X.Expand image":"s\"Shift+e\"","4chan X.Expand images":"s\"e\"","4chan X.Expand spoilers":"strue","4chan X.Expand thread":"s\"Ctrl+e\"","4chan X.Expand thread only":"sfalse","4chan X.Expand videos":"strue","4chan X.External Catalog":"sfalse","4chan X.Fappe Tyme":"sfalse","4chan X.File Info Formatting":"strue","4chan X.Filter":"strue","4chan X.Filter in Native Catalog":"strue","4chan X.Filtered Backlinks":"sfalse","4chan X.Fit Height":"strue","4chan X.Fit Width":"strue","4chan X.Fit height":"sfalse","4chan X.Fit width":"strue","4chan X.Fixed Header":"strue","4chan X.Fixed Thread Watcher":"strue","4chan X.Floating Embeds":"sfalse","4chan X.Follow Cursor":"strue","4chan X.Force Noscript Captcha":"sfalse","4chan X.Forward Hiding":"strue","4chan X.Front page":"s\"1\"","4chan X.Fullscreen Gallery":"sfalse","4chan X.Gallery":"strue","4chan X.Header auto-hide":"sfalse","4chan X.Header auto-hide on scroll":"sfalse","4chan X.Header catalog links":"sfalse","4chan X.Hide":"s\"x\"","4chan X.Hide Thumbnails":"sfalse","4chan X.Hide Unread Count at (0)":"strue","4chan X.Highlight Own Posts":"strue","4chan X.Highlight Posts Quoting You":"strue","4chan X.IP Count in Stats":"strue","4chan X.Image Expansion":"strue","4chan X.Image Hover":"strue","4chan X.Image Hover in Catalog":"strue","4chan X.Image Prefetching":"strue","4chan X.Index Mode":"s\"catalog\"","4chan X.Index Navigation":"sfalse","4chan X.Index Refresh Notifications":"sfalse","4chan X.Index Size":"s\"small\"","4chan X.Index Sort":"s{\"v\":\"bump-rev\",\"a\":\"bump-rev\"}","4chan X.Infinite scrolling mode":"s\"Alt+2\"","4chan X.Inline Cross-thread Quotes Only":"sfalse","4chan X.Interval":"s5","4chan X.JSON Index":"strue","4chan X.JSON Navigation":"strue","4chan X.Keybinds":"strue","4chan X.Last Long Reply Thresholds 0":"s{}","4chan X.Last Long Reply Thresholds 1":"s{}","4chan X.Link Title":"strue","4chan X.Linkify":"strue","4chan X.Loop in New Tab":"strue","4chan X.MD5":"s\"\"","4chan X.MD5 Quick Filter Notifications":"sfalse","4chan X.Mark Cross-thread Quotes":"strue","4chan X.Mark New IPs":"strue","4chan X.Mark OP Quotes":"strue","4chan X.Mark Quotes of You":"strue","4chan X.Mark thread read":"s\"Ctrl+0\"","4chan X.Math tags":"s\"Alt+m\"","4chan X.Max Replies":"s1000","4chan X.Menu":"strue","4chan X.Mouse Wheel Volume":"strue","4chan X.Next Gallery Image":"s\"Right\"","4chan X.Next Post Quoting You":"s\"Alt+Down\"","4chan X.Next page":"s\"Ctrl+Right\"","4chan X.Next reply":"s\"j\"","4chan X.Next thread":"s\"Ctrl+Down\"","4chan X.Normalize URL":"strue","4chan X.OP Backlinks":"strue","4chan X.Oekaki Links":"strue","4chan X.Open Gallery":"s\"g\"","4chan X.Open Post in New Tab":"strue","4chan X.Open QR":"s\"Shift+q\"","4chan X.Open Threads in New Tab":"strue","4chan X.Open catalog":"s\"Shift+c\"","4chan X.Open empty QR":"s\"q\"","4chan X.Open front page":"s\"Shift+1\"","4chan X.Open settings":"s\"Alt+o\"","4chan X.Open thread":"s\"o\"","4chan X.Open thread tab":"s\"Shift+o\"","4chan X.Optional Increase":"sfalse","4chan X.PDF in Gallery":"sfalse","4chan X.PSAseen":"s[]","4chan X.Page Count in Stats":"strue","4chan X.Paged mode":"s\"Alt+1\"","4chan X.Pass Link":"sfalse","4chan X.Pause":"s\"p\"","4chan X.Persistent Custom Board Titles":"sfalse","4chan X.Persistent QR":"sfalse","4chan X.Persistent Thread Watcher":"sfalse","4chan X.Pin Watched Threads":"sfalse","4chan X.Post from URL":"s\"Alt+l\"","4chan X.Post on Captcha Completion":"sfalse","4chan X.Posting Success Notifications":"strue","4chan X.Prerequest Captcha":"sfalse","4chan X.Previous Gallery Image":"s\"Left\"","4chan X.Previous Index Mode":"s\"paged\"","4chan X.Previous Post Quoting You":"s\"Alt+Up\"","4chan X.Previous page":"s\"Ctrl+Left\"","4chan X.Previous reply":"s\"k\"","4chan X.Previous thread":"s\"Ctrl+Up\"","4chan X.Prune All Threads":"sfalse","4chan X.QR Shortcut":"strue","4chan X.QR.personas":"s\"#options:\\\"sage\\\";boards:jp;always\"","4chan X.Quick Filter MD5":"s\"5\"","4chan X.Quick Reply":"strue","4chan X.Quote Backlinks":"strue","4chan X.Quote Hash Navigation":"sfalse","4chan X.Quote Highlighting":"strue","4chan X.Quote Inlining":"strue","4chan X.Quote Previewing":"strue","4chan X.Quote Threading":"strue","4chan X.Quoted Title":"sfalse","4chan X.Randomize Filename":"sfalse","4chan X.Recursive Hiding":"strue","4chan X.Redirect to HTTPS":"strue","4chan X.Refreshed Navigation":"sfalse","4chan X.Relative Date Title":"strue","4chan X.Relative Post Dates":"strue","4chan X.Remember Last Read Post":"strue","4chan X.Remember QR Size":"sfalse","4chan X.Remember Spoiler":"sfalse","4chan X.Remember Your Posts":"strue","4chan X.Remove Spoilers":"sfalse","4chan X.Remove Thread Excerpt":"sfalse","4chan X.Replace GIF":"sfalse","4chan X.Replace JPG":"sfalse","4chan X.Replace PNG":"sfalse","4chan X.Replace WEBM":"sfalse","4chan X.Reply Hiding Buttons":"strue","4chan X.Reply Hiding Link":"strue","4chan X.Reply Navigation":"strue","4chan X.Reply Pruning":"strue","4chan X.Report Link":"strue","4chan X.Require OP Quote Link":"sfalse","4chan X.Restart when Opened":"sfalse","4chan X.Resurrect Quotes":"strue","4chan X.Reveal Spoiler Thumbnails":"sfalse","4chan X.Reveal Spoilers":"strue","4chan X.Rotate image anticlockwise":"s\"Shift+Left\"","4chan X.Rotate image clockwise":"s\"Shift+Right\"","4chan X.SJIS tags":"s\"Alt+a\"","4chan X.Sauce":"strue","4chan X.Scroll BG":"sfalse","4chan X.Scroll into view":"strue","4chan X.Scroll to Last Read Post":"strue","4chan X.Scroll to Post":"strue","4chan X.Search form":"s\"Ctrl+Alt+s\"","4chan X.Shortcut Icons":"strue","4chan X.Show Controls":"strue","4chan X.Show Name and Subject":"sfalse","4chan X.Show New Thread Option in Threads":"strue","4chan X.Show Page":"strue","4chan X.Show Replies":"sfalse","4chan X.Show Site Prefix":"strue","4chan X.Show Unread Count":"strue","4chan X.Show Updated Notifications":"strue","4chan X.Show Upload Progress":"strue","4chan X.Slide Delay":"s6","4chan X.Slideshow":"s\"Ctrl+Right\"","4chan X.Spoiler tags":"s\"Ctrl+s\"","4chan X.Stretch to Fit":"sfalse","4chan X.Stubs":"strue","4chan X.Submit QR":"s\"Ctrl+Enter\"","4chan X.Thread Expansion":"strue","4chan X.Thread Hiding Buttons":"strue","4chan X.Thread Hiding Link":"strue","4chan X.Thread Quotes":"sfalse","4chan X.Thread Stats":"strue","4chan X.Thread Updater":"strue","4chan X.Thread Watcher":"strue","4chan X.Time Formatting":"strue","4chan X.Toggle Cooldown":"s\"Alt+Comma\"","4chan X.Toggle board list":"s\"Ctrl+b\"","4chan X.Toggle header":"s\"Shift+h\"","4chan X.Toggle sage":"s\"Alt+s\"","4chan X.Toggle thread watcher":"s\"t\"","4chan X.Toggle threading":"s\"Shift+t\"","4chan X.Toggleable Thread Watcher":"strue","4chan X.Unique ID and Capcode Navigation":"sfalse","4chan X.Unread Count":"strue","4chan X.Unread Favicon":"strue","4chan X.Unread Line":"strue","4chan X.Unread Line in Index":"sfalse","4chan X.Update":"s\"r\"","4chan X.Update thread watcher":"s\"Shift+r\"","4chan X.Updater and Stats in Header":"strue","4chan X.Use 4chan X Catalog":"strue","4chan X.Use Faster Image Host":"s\"true\"","4chan X.Volume in New Tab":"strue","4chan X.WEBM Metadata":"strue","4chan X.Watch":"s\"w\"","4chan X.Werk Tyme":"sfalse","4chan X.Work around CORB Bug":"strue","4chan X.archiveAutoUpdate":"strue","4chan X.archiveLists":"s\"https://4chenz.github.io/archives.json/archives.json\"","4chan X.archives":"s[{\"uid\":3,\"name\":\"4plebs\",\"domain\":\"archive.4plebs.org\",\"http\":true,\"https\":true,\"software\":\"foolfuuka\",\"boards\":[\"adv\",\"f\",\"hr\",\"mlpol\",\"mo\",\"o\",\"pol\",\"s4s\",\"sp\",\"tg\",\"trv\",\"tv\",\"x\"],\"files\":[\"adv\",\"f\",\"hr\",\"mlpol\",\"mo\",\"o\",\"pol\",\"s4s\",\"sp\",\"tg\",\"trv\",\"tv\",\"x\"],\"reports\":true},{\"uid\":10,\"name\":\"warosu\",\"domain\":\"warosu.org\",\"http\":false,\"https\":true,\"software\":\"fuuka\",\"boards\":[\"3\",\"biz\",\"cgl\",\"ck\",\"diy\",\"fa\",\"ic\",\"jp\",\"lit\",\"sci\",\"vr\",\"vt\"],\"files\":[\"3\",\"biz\",\"cgl\",\"ck\",\"diy\",\"fa\",\"ic\",\"jp\",\"lit\",\"sci\",\"vr\",\"vt\"],\"search\":[\"biz\",\"cgl\",\"ck\",\"diy\",\"fa\",\"ic\",\"jp\",\"lit\",\"sci\",\"vr\",\"vt\"]},{\"uid\":23,\"name\":\"Desuarchive\",\"domain\":\"desuarchive.org\",\"http\":true,\"https\":true,\"software\":\"foolfuuka\",\"boards\":[\"a\",\"aco\",\"an\",\"c\",\"cgl\",\"co\",\"d\",\"fit\",\"g\",\"his\",\"int\",\"k\",\"m\",\"mlp\",\"mu\",\"q\",\"qa\",\"r9k\",\"tg\",\"trash\",\"vr\",\"wsg\"],\"files\":[\"a\",\"aco\",\"an\",\"c\",\"cgl\",\"co\",\"d\",\"fit\",\"g\",\"his\",\"int\",\"k\",\"m\",\"mlp\",\"mu\",\"q\",\"qa\",\"r9k\",\"tg\",\"trash\",\"vr\"],\"reports\":true},{\"uid\":24,\"name\":\"fireden.net\",\"domain\":\"boards.fireden.net\",\"http\":false,\"https\":true,\"software\":\"foolfuuka\",\"boards\":[\"cm\",\"co\",\"ic\",\"sci\",\"vip\",\"y\"],\"files\":[\"cm\",\"co\",\"ic\",\"sci\",\"vip\",\"y\"],\"search\":[\"cm\",\"co\",\"ic\",\"sci\",\"y\"]},{\"uid\":25,\"name\":\"arch.b4k.co\",\"domain\":\"arch.b4k.co\",\"http\":true,\"https\":true,\"software\":\"foolfuuka\",\"boards\":[\"g\",\"mlp\",\"qb\",\"v\",\"vg\",\"vm\",\"vmg\",\"vp\",\"vrpg\",\"vst\"],\"files\":[\"qb\",\"v\",\"vg\",\"vm\",\"vmg\",\"vp\",\"vrpg\",\"vst\"],\"search\":[\"qb\",\"v\",\"vg\",\"vm\",\"vmg\",\"vp\",\"vrpg\",\"vst\"]},{\"uid\":29,\"name\":\"Archived.Moe\",\"domain\":\"archived.moe\",\"http\":true,\"https\":true,\"software\":\"foolfuuka\",\"boards\":[\"3\",\"a\",\"aco\",\"adv\",\"an\",\"asp\",\"b\",\"bant\",\"biz\",\"c\",\"can\",\"cgl\",\"ck\",\"cm\",\"co\",\"cock\",\"con\",\"d\",\"diy\",\"e\",\"f\",\"fa\",\"fap\",\"fit\",\"fitlit\",\"g\",\"gd\",\"gif\",\"h\",\"hc\",\"his\",\"hm\",\"hr\",\"i\",\"ic\",\"int\",\"jp\",\"k\",\"lgbt\",\"lit\",\"m\",\"mlp\",\"mlpol\",\"mo\",\"mtv\",\"mu\",\"n\",\"news\",\"o\",\"out\",\"outsoc\",\"p\",\"po\",\"pol\",\"pw\",\"q\",\"qa\",\"qb\",\"qst\",\"r\",\"r9k\",\"s\",\"s4s\",\"sci\",\"soc\",\"sp\",\"spa\",\"t\",\"tg\",\"toy\",\"trash\",\"trv\",\"tv\",\"u\",\"v\",\"vg\",\"vint\",\"vip\",\"vm\",\"vmg\",\"vp\",\"vr\",\"vrpg\",\"vst\",\"vt\",\"w\",\"wg\",\"wsg\",\"wsr\",\"x\",\"xs\",\"y\"],\"files\":[\"can\",\"cock\",\"con\",\"fap\",\"fitlit\",\"gd\",\"mlpol\",\"mo\",\"mtv\",\"outsoc\",\"po\",\"q\",\"qb\",\"qst\",\"spa\",\"vint\",\"vip\"],\"search\":[\"aco\",\"adv\",\"an\",\"asp\",\"b\",\"bant\",\"biz\",\"c\",\"can\",\"cgl\",\"ck\",\"cm\",\"cock\",\"con\",\"d\",\"diy\",\"e\",\"f\",\"fap\",\"fitlit\",\"gd\",\"gif\",\"h\",\"hc\",\"his\",\"hm\",\"hr\",\"i\",\"ic\",\"lgbt\",\"lit\",\"mlpol\",\"mo\",\"mtv\",\"n\",\"news\",\"o\",\"out\",\"outsoc\",\"p\",\"po\",\"pw\",\"q\",\"qa\",\"qst\",\"r\",\"s\",\"soc\",\"spa\",\"trv\",\"u\",\"vint\",\"vip\",\"vrpg\",\"w\",\"wg\",\"wsg\",\"wsr\",\"x\",\"y\"],\"reports\":true},{\"uid\":30,\"name\":\"TheBArchive.com\",\"domain\":\"thebarchive.com\",\"http\":true,\"https\":true,\"software\":\"foolfuuka\",\"boards\":[\"b\",\"bant\"],\"files\":[\"b\",\"bant\"],\"reports\":true},{\"uid\":31,\"name\":\"Archive Of Sins\",\"domain\":\"archiveofsins.com\",\"http\":true,\"https\":true,\"software\":\"foolfuuka\",\"boards\":[\"h\",\"hc\",\"hm\",\"i\",\"lgbt\",\"r\",\"s\",\"soc\",\"t\",\"u\"],\"files\":[\"h\",\"hc\",\"hm\",\"i\",\"lgbt\",\"r\",\"s\",\"soc\",\"t\",\"u\"],\"reports\":true},{\"uid\":36,\"name\":\"palanq.win\",\"domain\":\"archive.palanq.win\",\"http\":false,\"https\":true,\"software\":\"foolfuuka\",\"boards\":[\"bant\",\"c\",\"con\",\"e\",\"i\",\"n\",\"news\",\"out\",\"p\",\"pw\",\"qst\",\"toy\",\"vip\",\"vp\",\"vt\",\"w\",\"wg\",\"wsr\"],\"files\":[\"bant\",\"c\",\"e\",\"i\",\"n\",\"news\",\"out\",\"p\",\"pw\",\"qst\",\"toy\",\"vip\",\"vp\",\"vt\",\"w\",\"wg\",\"wsr\"],\"reports\":true},{\"uid\":37,\"name\":\"Eientei\",\"domain\":\"eientei.xyz\",\"http\":false,\"https\":true,\"software\":\"Eientei\",\"boards\":[\"3\",\"i\",\"sci\",\"xs\"],\"files\":[\"3\",\"i\",\"sci\",\"xs\"],\"reports\":true}]","4chan X.backlink":"s\">>%id\"","4chan X.boardConfig":"s{\"boards\":{\"3\":{\"board\":\"3\",\"title\":\"3DCG\",\"ws_board\":1,\"per_page\":15,\"pages\":10,\"max_filesize\":4194304,\"max_webm_filesize\":4194304,\"max_comment_chars\":2000,\"max_webm_duration\":120,\"bump_limit\":310,\"image_limit\":150,\"cooldowns\":{\"threads\":600,\"replies\":60,\"images\":60},\"meta_description\":\"&quot;/3/ - 3DCG&quot; is 4chan's board for 3D modeling and imagery.\",\"is_archived\":1},\"a\":{\"board\":\"a\",\"title\":\"Anime & Manga\",\"ws_board\":1,\"per_page\":15,\"pages\":10,\"max_filesize\":4194304,\"max_webm_filesize\":4194304,\"max_comment_chars\":2000,\"max_webm_duration\":120,\"bump_limit\":500,\"image_limit\":300,\"cooldowns\":{\"threads\":600,\"replies\":60,\"images\":60},\"meta_description\":\"&quot;/a/ - Anime &amp; Manga&quot; is 4chan's imageboard dedicated to the discussion of Japanese animation and manga.\",\"spoilers\":1,\"custom_spoilers\":1,\"is_archived\":1},\"aco\":{\"board\":\"aco\",\"title\":\"Adult Cartoons\",\"ws_board\":0,\"per_page\":15,\"pages\":10,\"max_filesize\":4194304,\"max_webm_filesize\":4194304,\"max_comment_chars\":2000,\"max_webm_duration\":120,\"bump_limit\":300,\"image_limit\":300,\"cooldowns\":{\"threads\":600,\"replies\":60,\"images\":30},\"meta_description\":\"&quot;/aco/ - Adult Cartoons&quot; is 4chan's imageboard for posting western-styled adult cartoon artwork.\",\"is_archived\":1},\"adv\":{\"board\":\"adv\",\"title\":\"Advice\",\"ws_board\":1,\"per_page\":15,\"pages\":10,\"max_filesize\":4194304,\"max_webm_filesize\":4194304,\"max_comment_chars\":2000,\"max_webm_duration\":120,\"bump_limit\":310,\"image_limit\":150,\"cooldowns\":{\"threads\":600,\"replies\":60,\"images\":60},\"meta_description\":\"&quot;/adv/ - Advice&quot; is 4chan's board for giving and receiving advice. \",\"is_archived\":1},\"an\":{\"board\":\"an\",\"title\":\"Animals & Nature\",\"ws_board\":1,\"per_page\":15,\"pages\":10,\"max_filesize\":4194304,\"max_webm_filesize\":4194304,\"max_comment_chars\":2000,\"max_webm_duration\":120,\"bump_limit\":310,\"image_limit\":150,\"cooldowns\":{\"threads\":600,\"replies\":60,\"images\":60},\"meta_description\":\"&quot;/an/ - Animals &amp; Nature&quot; is 4chan's imageboard for posting pictures of animals, pets, and nature.\",\"is_archived\":1},\"b\":{\"board\":\"b\",\"title\":\"Random\",\"ws_board\":0,\"per_page\":15,\"pages\":10,\"max_filesize\":2097152,\"max_webm_filesize\":2097152,\"max_comment_chars\":2000,\"max_webm_duration\":120,\"bump_limit\":300,\"image_limit\":150,\"cooldowns\":{\"threads\":90,\"replies\":30,\"images\":30},\"meta_description\":\"&quot;/b/ - Random&quot; is the birthplace of Anonymous, and where people go to discuss random topics and create memes on 4chan.\"},\"bant\":{\"board\":\"bant\",\"title\":\"International/Random\",\"ws_board\":0,\"per_page\":15,\"pages\":10,\"max_filesize\":2097152,\"max_webm_filesize\":2097152,\"max_comment_chars\":2000,\"max_webm_duration\":120,\"bump_limit\":300,\"image_limit\":150,\"cooldowns\":{\"threads\":60,\"replies\":15,\"images\":15},\"meta_description\":\"&quot;/bant/ - International/Random&quot; is 4chan's international hanging out board, where you can have fun with Anonymous all over the world.\",\"user_ids\":1,\"country_flags\":1},\"biz\":{\"board\":\"biz\",\"title\":\"Business & Finance\",\"ws_board\":1,\"per_page\":20,\"pages\":10,\"max_filesize\":4194304,\"max_webm_filesize\":4194304,\"max_comment_chars\":2000,\"max_webm_duration\":120,\"bump_limit\":310,\"image_limit\":150,\"cooldowns\":{\"threads\":600,\"replies\":60,\"images\":60},\"meta_description\":\"&quot;/biz/ - Business &amp; Finance&quot; is 4chan's imageboard for the discussion of business and finance, and cryptocurrencies such as Bitcoin and Dogecoin.\",\"user_ids\":1,\"is_archived\":1},\"c\":{\"board\":\"c\",\"title\":\"Anime/Cute\",\"ws_board\":1,\"per_page\":15,\"pages\":10,\"max_filesize\":4194304,\"max_webm_filesize\":4194304,\"max_comment_chars\":2000,\"max_webm_duration\":120,\"bump_limit\":310,\"image_limit\":150,\"cooldowns\":{\"threads\":600,\"replies\":60,\"images\":60},\"meta_description\":\"&quot;/c/ - Anime/Cute&quot; is 4chan's imageboard for cute and moe anime images.\",\"is_archived\":1},\"cgl\":{\"board\":\"cgl\",\"title\":\"Cosplay & EGL\",\"ws_board\":1,\"per_page\":15,\"pages\":10,\"max_filesize\":4194304,\"max_webm_filesize\":4194304,\"max_comment_chars\":2000,\"max_webm_duration\":120,\"bump_limit\":310,\"image_limit\":150,\"cooldowns\":{\"threads\":600,\"replies\":60,\"images\":60},\"meta_description\":\"&quot;/cgl/ - Cosplay &amp; EGL&quot; is 4chan's imageboard for the discussion of cosplay, elegant gothic lolita (EGL), and anime conventions.\",\"is_archived\":1},\"ck\":{\"board\":\"ck\",\"title\":\"Food & Cooking\",\"ws_board\":1,\"per_page\":15,\"pages\":10,\"max_filesize\":4194304,\"max_webm_filesize\":4194304,\"max_comment_chars\":2000,\"max_webm_duration\":120,\"bump_limit\":310,\"image_limit\":150,\"cooldowns\":{\"threads\":600,\"replies\":60,\"images\":60},\"meta_description\":\"&quot;/ck/ - Food &amp; Cooking&quot; is 4chan's imageboard for food pictures and cooking recipes.\",\"is_archived\":1},\"cm\":{\"board\":\"cm\",\"title\":\"Cute/Male\",\"ws_board\":1,\"per_page\":15,\"pages\":10,\"max_filesize\":4194304,\"max_webm_filesize\":4194304,\"max_comment_chars\":2000,\"max_webm_duration\":120,\"bump_limit\":310,\"image_limit\":150,\"cooldowns\":{\"threads\":600,\"replies\":60,\"images\":60},\"meta_description\":\"&quot;/cm/ - Cute/Male&quot; is 4chan's imageboard for posting pictures of cute anime males.\",\"is_archived\":1},\"co\":{\"board\":\"co\",\"title\":\"Comics & Cartoons\",\"ws_board\":1,\"per_page\":15,\"pages\":10,\"max_filesize\":4194304,\"max_webm_filesize\":4194304,\"max_comment_chars\":2000,\"max_webm_duration\":120,\"bump_limit\":500,\"image_limit\":300,\"cooldowns\":{\"threads\":600,\"replies\":60,\"images\":60},\"meta_description\":\"&quot;/co/ - Comics &amp; Cartoons&quot; is 4chan's imageboard dedicated to the discussion of Western cartoons and comics.\",\"spoilers\":1,\"custom_spoilers\":5,\"is_archived\":1},\"d\":{\"board\":\"d\",\"title\":\"Hentai/Alternative\",\"ws_board\":0,\"per_page\":15,\"pages\":10,\"max_filesize\":4194304,\"max_webm_filesize\":4194304,\"max_comment_chars\":2000,\"max_webm_duration\":120,\"bump_limit\":300,\"image_limit\":300,\"cooldowns\":{\"threads\":600,\"replies\":60,\"images\":30},\"meta_description\":\"&quot;/d/ - Hentai/Alternative&quot; is 4chan's imageboard for alternative hentai images.\",\"is_archived\":1},\"diy\":{\"board\":\"diy\",\"title\":\"Do It Yourself\",\"ws_board\":1,\"per_page\":15,\"pages\":10,\"max_filesize\":4194304,\"max_webm_filesize\":4194304,\"max_comment_chars\":2000,\"max_webm_duration\":120,\"bump_limit\":310,\"image_limit\":150,\"cooldowns\":{\"threads\":600,\"replies\":60,\"images\":60},\"meta_description\":\"&quot;/diy/ - Do It Yourself&quot; is 4chan's imageboard for DIY/do it yourself projects, home improvement, and makers.\",\"is_archived\":1},\"e\":{\"board\":\"e\",\"title\":\"Ecchi\",\"ws_board\":0,\"per_page\":15,\"pages\":10,\"max_filesize\":4194304,\"max_webm_filesize\":4194304,\"max_comment_chars\":2000,\"max_webm_duration\":120,\"bump_limit\":300,\"image_limit\":300,\"cooldowns\":{\"threads\":600,\"replies\":60,\"images\":30},\"meta_description\":\"&quot;/e/ - Ecchi&quot; is 4chan's imageboard for suggestive (ecchi) hentai images.\",\"is_archived\":1},\"f\":{\"board\":\"f\",\"title\":\"Flash\",\"ws_board\":0,\"per_page\":30,\"pages\":1,\"max_filesize\":10485760,\"max_webm_filesize\":4194304,\"max_comment_chars\":2000,\"max_webm_duration\":120,\"bump_limit\":300,\"image_limit\":300,\"cooldowns\":{\"threads\":600,\"replies\":60,\"images\":30},\"meta_description\":\"&quot;/f/ - Flash&quot; is 4chan's upload board for sharing Adobe Flash files (SWFs).\"},\"fa\":{\"board\":\"fa\",\"title\":\"Fashion\",\"ws_board\":1,\"per_page\":15,\"pages\":10,\"max_filesize\":4194304,\"max_webm_filesize\":4194304,\"max_comment_chars\":2000,\"max_webm_duration\":120,\"bump_limit\":310,\"image_limit\":150,\"cooldowns\":{\"threads\":600,\"replies\":60,\"images\":60},\"meta_description\":\"&quot;/fa/ - Fashion&quot; is 4chan's imageboard for images and discussion relating to fashion and apparel.\",\"is_archived\":1},\"fit\":{\"board\":\"fit\",\"title\":\"Fitness\",\"ws_board\":1,\"per_page\":15,\"pages\":10,\"max_filesize\":4194304,\"max_webm_filesize\":4194304,\"max_comment_chars\":2000,\"max_webm_duration\":120,\"bump_limit\":310,\"image_limit\":150,\"cooldowns\":{\"threads\":600,\"replies\":60,\"images\":60},\"meta_description\":\"&quot;/fit/ - Fitness&quot; is 4chan's imageboard for weightlifting, health, and fitness.\",\"is_archived\":1},\"g\":{\"board\":\"g\",\"title\":\"Technology\",\"ws_board\":1,\"per_page\":15,\"pages\":10,\"max_filesize\":4194304,\"max_webm_filesize\":4194304,\"max_comment_chars\":2000,\"max_webm_duration\":120,\"bump_limit\":310,\"image_limit\":150,\"cooldowns\":{\"threads\":600,\"replies\":60,\"images\":60},\"meta_description\":\"&quot;/g/ - Technology&quot; is 4chan's imageboard for discussing computer hardware and software, programming, and general technology.\",\"is_archived\":1,\"code_tags\":1},\"gd\":{\"board\":\"gd\",\"title\":\"Graphic Design\",\"ws_board\":1,\"per_page\":15,\"pages\":10,\"max_filesize\":8388608,\"max_webm_filesize\":4194304,\"max_comment_chars\":2000,\"max_webm_duration\":120,\"bump_limit\":310,\"image_limit\":150,\"cooldowns\":{\"threads\":600,\"replies\":60,\"images\":60},\"meta_description\":\"&quot;/gd/ - Graphic Design&quot; is 4chan's imageboard for graphic design.\",\"is_archived\":1},\"gif\":{\"board\":\"gif\",\"title\":\"Adult GIF\",\"ws_board\":0,\"per_page\":15,\"pages\":10,\"max_filesize\":4194304,\"max_webm_filesize\":4194304,\"max_comment_chars\":2000,\"max_webm_duration\":300,\"bump_limit\":300,\"image_limit\":300,\"cooldowns\":{\"threads\":600,\"replies\":60,\"images\":30},\"meta_description\":\"&quot;/gif/ - Adult GIF&quot; is 4chan's imageboard dedicated to animated adult GIFs and WEBMs.\",\"is_archived\":1,\"webm_audio\":1},\"h\":{\"board\":\"h\",\"title\":\"Hentai\",\"ws_board\":0,\"per_page\":15,\"pages\":10,\"max_filesize\":4194304,\"max_webm_filesize\":4194304,\"max_comment_chars\":2000,\"max_webm_duration\":120,\"bump_limit\":300,\"image_limit\":300,\"cooldowns\":{\"threads\":600,\"replies\":60,\"images\":30},\"meta_description\":\"&quot;/h/ - Hentai&quot; is 4chan's imageboard for adult Japanese anime hentai images.\",\"is_archived\":1},\"hc\":{\"board\":\"hc\",\"title\":\"Hardcore\",\"ws_board\":0,\"per_page\":15,\"pages\":10,\"max_filesize\":8388608,\"max_webm_filesize\":4194304,\"max_comment_chars\":2000,\"max_webm_duration\":120,\"bump_limit\":300,\"image_limit\":300,\"cooldowns\":{\"threads\":600,\"replies\":60,\"images\":30},\"meta_description\":\"&quot;/hc/ - Hardcore&quot; is 4chan's imageboard for the posting of adult hardcore pornography.\",\"is_archived\":1,\"min_image_width\":500,\"min_image_height\":500},\"his\":{\"board\":\"his\",\"title\":\"History & Humanities\",\"ws_board\":1,\"per_page\":15,\"pages\":10,\"max_filesize\":4194304,\"max_webm_filesize\":4194304,\"max_comment_chars\":2000,\"max_webm_duration\":120,\"bump_limit\":310,\"image_limit\":150,\"cooldowns\":{\"threads\":600,\"replies\":60,\"images\":60},\"meta_description\":\"&quot;/his/ - History &amp; Humanities&quot; is 4chan's board for discussing and debating history.\",\"is_archived\":1},\"hm\":{\"board\":\"hm\",\"title\":\"Handsome Men\",\"ws_board\":0,\"per_page\":15,\"pages\":10,\"max_filesize\":8388608,\"max_webm_filesize\":4194304,\"max_comment_chars\":2000,\"max_webm_duration\":120,\"bump_limit\":300,\"image_limit\":150,\"cooldowns\":{\"threads\":600,\"replies\":60,\"images\":30},\"meta_description\":\"&quot;/hm/ - Handsome Men&quot; is 4chan's imageboard dedicated to sharing adult images of handsome men.\",\"is_archived\":1},\"hr\":{\"board\":\"hr\",\"title\":\"High Resolution\",\"ws_board\":0,\"per_page\":15,\"pages\":10,\"max_filesize\":8388608,\"max_webm_filesize\":4194304,\"max_comment_chars\":2000,\"max_webm_duration\":120,\"bump_limit\":300,\"image_limit\":300,\"cooldowns\":{\"threads\":600,\"replies\":60,\"images\":30},\"meta_description\":\"&quot;/hr/ - High Resolution&quot; is 4chan's imageboard for the sharing of high resolution images.\",\"is_archived\":1,\"min_image_width\":1000,\"min_image_height\":1000},\"i\":{\"board\":\"i\",\"title\":\"Oekaki\",\"ws_board\":0,\"per_page\":15,\"pages\":10,\"max_filesize\":4194304,\"max_webm_filesize\":4194304,\"max_comment_chars\":2000,\"max_webm_duration\":120,\"bump_limit\":300,\"image_limit\":300,\"cooldowns\":{\"threads\":600,\"replies\":60,\"images\":30},\"meta_description\":\"&quot;/i/ - Oekaki&quot; is 4chan's oekaki board for drawing and sharing art.\",\"is_archived\":1,\"oekaki\":1},\"ic\":{\"board\":\"ic\",\"title\":\"Artwork/Critique\",\"ws_board\":0,\"per_page\":15,\"pages\":10,\"max_filesize\":4194304,\"max_webm_filesize\":4194304,\"max_comment_chars\":2000,\"max_webm_duration\":120,\"bump_limit\":300,\"image_limit\":300,\"cooldowns\":{\"threads\":600,\"replies\":60,\"images\":30},\"meta_description\":\"&quot;/ic/ - Artwork/Critique&quot; is 4chan's imageboard for the discussion and critique of art.\",\"is_archived\":1},\"int\":{\"board\":\"int\",\"title\":\"International\",\"ws_board\":1,\"per_page\":15,\"pages\":10,\"max_filesize\":4194304,\"max_webm_filesize\":4194304,\"max_comment_chars\":2000,\"max_webm_duration\":120,\"bump_limit\":310,\"image_limit\":150,\"cooldowns\":{\"threads\":600,\"replies\":60,\"images\":60},\"meta_description\":\"&quot;/int/ - International&quot; is 4chan's international board, for the exchange of foreign language and culture.\",\"is_archived\":1,\"country_flags\":1},\"jp\":{\"board\":\"jp\",\"title\":\"Otaku Culture\",\"ws_board\":1,\"per_page\":15,\"pages\":10,\"max_filesize\":4194304,\"max_webm_filesize\":4194304,\"max_comment_chars\":5000,\"max_webm_duration\":120,\"bump_limit\":310,\"image_limit\":300,\"cooldowns\":{\"threads\":3600,\"replies\":60,\"images\":60},\"meta_description\":\"&quot;/jp/ - Otaku Culture&quot; is 4chan's board for discussing Japanese otaku culture.\",\"spoilers\":1,\"custom_spoilers\":1,\"is_archived\":1,\"sjis_tags\":1},\"k\":{\"board\":\"k\",\"title\":\"Weapons\",\"ws_board\":1,\"per_page\":15,\"pages\":10,\"max_filesize\":4194304,\"max_webm_filesize\":4194304,\"max_comment_chars\":2000,\"max_webm_duration\":120,\"bump_limit\":310,\"image_limit\":150,\"cooldowns\":{\"threads\":600,\"replies\":60,\"images\":60},\"meta_description\":\"&quot;/k/ - Weapons&quot; is 4chan's imageboard for discussing all types of weaponry, from military tanks to guns and knives.\",\"is_archived\":1},\"lgbt\":{\"board\":\"lgbt\",\"title\":\"LGBT\",\"ws_board\":1,\"per_page\":15,\"pages\":10,\"max_filesize\":4194304,\"max_webm_filesize\":4194304,\"max_comment_chars\":2000,\"max_webm_duration\":120,\"bump_limit\":310,\"image_limit\":150,\"cooldowns\":{\"threads\":600,\"replies\":60,\"images\":60},\"meta_description\":\"&quot;/lgbt/ - LGBT&quot; is 4chan's imageboard for Lesbian-Gay-Bisexual-Transgender-Queer and sexuality discussion.\",\"is_archived\":1},\"lit\":{\"board\":\"lit\",\"title\":\"Literature\",\"ws_board\":1,\"per_page\":15,\"pages\":10,\"max_filesize\":4194304,\"max_webm_filesize\":4194304,\"max_comment_chars\":3000,\"max_webm_duration\":120,\"bump_limit\":310,\"image_limit\":150,\"cooldowns\":{\"threads\":600,\"replies\":60,\"images\":60},\"meta_description\":\"&quot;/lit/ - Literature&quot; is 4chan's board for the discussion of books, authors, and literature.\",\"spoilers\":1,\"custom_spoilers\":1,\"is_archived\":1},\"m\":{\"board\":\"m\",\"title\":\"Mecha\",\"ws_board\":1,\"per_page\":15,\"pages\":10,\"max_filesize\":4194304,\"max_webm_filesize\":4194304,\"max_comment_chars\":2000,\"max_webm_duration\":120,\"bump_limit\":310,\"image_limit\":150,\"cooldowns\":{\"threads\":600,\"replies\":60,\"images\":60},\"meta_description\":\"&quot;/m/ - Mecha&quot; is 4chan's imageboard for discussing Japanese mecha robots and anime, like Gundam and Macross.\",\"spoilers\":1,\"custom_spoilers\":4,\"is_archived\":1},\"mlp\":{\"board\":\"mlp\",\"title\":\"Pony\",\"ws_board\":1,\"per_page\":15,\"pages\":10,\"max_filesize\":4194304,\"max_webm_filesize\":4194304,\"max_comment_chars\":3000,\"max_webm_duration\":120,\"bump_limit\":500,\"image_limit\":300,\"cooldowns\":{\"threads\":600,\"replies\":60,\"images\":60},\"meta_description\":\"&quot;/mlp/ - Pony&quot; is 4chan's imageboard dedicated to the discussion of My Little Pony: Friendship is Magic.\",\"spoilers\":1,\"custom_spoilers\":1,\"is_archived\":1,\"board_flags\":{\"4CC\":\"4cc /mlp/\",\"ADA\":\"Adagio Dazzle\",\"AN\":\"Anon\",\"ANF\":\"Anonfilly\",\"APB\":\"Apple Bloom\",\"AJ\":\"Applejack\",\"AB\":\"Aria Blaze\",\"AU\":\"Autumn Blaze\",\"BB\":\"Bon Bon\",\"BM\":\"Big Mac\",\"BP\":\"Berry Punch\",\"BS\":\"Babs Seed\",\"CL\":\"Changeling\",\"CO\":\"Coco Pommel\",\"CG\":\"Cozy Glow\",\"CHE\":\"Cheerilee\",\"CB\":\"Cherry Berry\",\"DAY\":\"Daybreaker\",\"DD\":\"Daring Do\",\"DER\":\"Derpy Hooves\",\"DT\":\"Diamond Tiara\",\"DIS\":\"Discord\",\"EQA\":\"EqG Applejack\",\"EQF\":\"EqG Fluttershy\",\"EQP\":\"EqG Pinkie Pie\",\"EQR\":\"EqG Rainbow Dash\",\"EQT\":\"EqG Trixie\",\"EQI\":\"EqG Twilight Sparkle\",\"EQS\":\"EqG Sunset Shimmer\",\"ERA\":\"EqG Rarity\",\"FAU\":\"Fausticorn\",\"FLE\":\"Fleur de lis\",\"FL\":\"Fluttershy\",\"GI\":\"Gilda\",\"HT\":\"Hitch Trailblazer\",\"IZ\":\"Izzy Moonbow\",\"LI\":\"Limestone\",\"LT\":\"Lord Tirek\",\"LY\":\"Lyra Heartstrings\",\"MA\":\"Marble\",\"MAU\":\"Maud\",\"MIN\":\"Minuette\",\"NI\":\"Nightmare Moon\",\"NUR\":\"Nurse Redheart\",\"OCT\":\"Octavia\",\"PAR\":\"Parasprite\",\"PC\":\"Princess Cadance\",\"PCE\":\"Princess Celestia\",\"PI\":\"Pinkie Pie\",\"PLU\":\"Princess Luna\",\"PM\":\"Pinkamena\",\"PP\":\"Pipp Petals\",\"QC\":\"Queen Chrysalis\",\"RAR\":\"Rarity\",\"RD\":\"Rainbow Dash\",\"RLU\":\"Roseluck\",\"S1L\":\"S1 Luna\",\"SCO\":\"Scootaloo\",\"SHI\":\"Shining Armor\",\"SIL\":\"Silver Spoon\",\"SON\":\"Sonata Dusk\",\"SP\":\"Spike\",\"SPI\":\"Spitfire\",\"SS\":\"Sunny Starscout\",\"STA\":\"Star Dancer\",\"STL\":\"Starlight Glimmer\",\"SPT\":\"Sprout\",\"SUN\":\"Sunburst\",\"SUS\":\"Sunset Shimmer\",\"SWB\":\"Sweetie Belle\",\"TFA\":\"TFH Arizona\",\"TFO\":\"TFH Oleander\",\"TFP\":\"TFH Paprika\",\"TFS\":\"TFH Shanty\",\"TFT\":\"TFH Tianhuo\",\"TFV\":\"TFH Velvet\",\"TP\":\"TFH Pom\",\"TS\":\"Tempest Shadow\",\"TWI\":\"Twilight Sparkle\",\"TX\":\"Trixie\",\"VS\":\"Vinyl Scratch\",\"ZE\":\"Zecora\",\"ZS\":\"Zipp Storm\"}},\"mu\":{\"board\":\"mu\",\"title\":\"Music\",\"ws_board\":1,\"per_page\":15,\"pages\":10,\"max_filesize\":4194304,\"max_webm_filesize\":4194304,\"max_comment_chars\":2000,\"max_webm_duration\":120,\"bump_limit\":310,\"image_limit\":150,\"cooldowns\":{\"threads\":600,\"replies\":60,\"images\":60},\"meta_description\":\"&quot;/mu/ - Music&quot; is 4chan's imageboard for discussing all types of music.\",\"is_archived\":1},\"n\":{\"board\":\"n\",\"title\":\"Transportation\",\"ws_board\":1,\"per_page\":15,\"pages\":10,\"max_filesize\":4194304,\"max_webm_filesize\":4194304,\"max_comment_chars\":2000,\"max_webm_duration\":120,\"bump_limit\":310,\"image_limit\":150,\"cooldowns\":{\"threads\":600,\"replies\":60,\"images\":60},\"meta_description\":\"&quot;/n/ - Transportation&quot; is 4chan's imageboard for discussing modes of transportation like trains and bicycles.\",\"is_archived\":1},\"news\":{\"board\":\"news\",\"title\":\"Current News\",\"ws_board\":1,\"per_page\":15,\"pages\":10,\"max_filesize\":4194304,\"max_webm_filesize\":4194304,\"max_comment_chars\":2000,\"max_webm_duration\":120,\"bump_limit\":500,\"image_limit\":300,\"cooldowns\":{\"threads\":600,\"replies\":60,\"images\":60},\"meta_description\":\"&quot;/news/ - Current News; is 4chan's board for current news. \",\"spoilers\":1,\"custom_spoilers\":1,\"is_archived\":1,\"text_only\":1,\"require_subject\":1},\"o\":{\"board\":\"o\",\"title\":\"Auto\",\"ws_board\":1,\"per_page\":15,\"pages\":10,\"max_filesize\":4194304,\"max_webm_filesize\":4194304,\"max_comment_chars\":2000,\"max_webm_duration\":120,\"bump_limit\":310,\"image_limit\":150,\"cooldowns\":{\"threads\":600,\"replies\":60,\"images\":60},\"meta_description\":\"&quot;/o/ - Auto&quot; is 4chan's imageboard for discussing cars and motorcycles.\",\"is_archived\":1},\"out\":{\"board\":\"out\",\"title\":\"Outdoors\",\"ws_board\":1,\"per_page\":15,\"pages\":10,\"max_filesize\":5242880,\"max_webm_filesize\":4194304,\"max_comment_chars\":2000,\"max_webm_duration\":120,\"bump_limit\":310,\"image_limit\":150,\"cooldowns\":{\"threads\":600,\"replies\":60,\"images\":60},\"meta_description\":\"&quot;/out/ - Outdoors&quot; is 4chan's imageboard for discussing survivalist skills and outdoor activities such as hiking.\",\"is_archived\":1},\"p\":{\"board\":\"p\",\"title\":\"Photography\",\"ws_board\":1,\"per_page\":15,\"pages\":10,\"max_filesize\":5242880,\"max_webm_filesize\":4194304,\"max_comment_chars\":2000,\"max_webm_duration\":120,\"bump_limit\":310,\"image_limit\":150,\"cooldowns\":{\"threads\":600,\"replies\":60,\"images\":60},\"meta_description\":\"&quot;/p/ - Photography&quot; is 4chan's imageboard for sharing and critiquing photos.\",\"is_archived\":1},\"po\":{\"board\":\"po\",\"title\":\"Papercraft & Origami\",\"ws_board\":1,\"per_page\":15,\"pages\":10,\"max_filesize\":8388608,\"max_webm_filesize\":4194304,\"max_comment_chars\":2000,\"max_webm_duration\":120,\"bump_limit\":310,\"image_limit\":150,\"cooldowns\":{\"threads\":600,\"replies\":60,\"images\":60},\"meta_description\":\"&quot;/po/ - Papercraft &amp; Origami&quot; is 4chan's imageboard for posting papercraft and origami templates and instructions.\",\"is_archived\":1},\"pol\":{\"board\":\"pol\",\"title\":\"Politically Incorrect\",\"ws_board\":0,\"per_page\":20,\"pages\":10,\"max_filesize\":4194304,\"max_webm_filesize\":4194304,\"max_comment_chars\":2000,\"max_webm_duration\":120,\"bump_limit\":300,\"image_limit\":300,\"cooldowns\":{\"threads\":90,\"replies\":30,\"images\":30},\"meta_description\":\"&quot;/pol/ - Politically Incorrect&quot; is 4chan's board for discussing and debating politics and current events.\",\"user_ids\":1,\"is_archived\":1,\"country_flags\":1,\"board_flags\":{\"AC\":\"Anarcho-Capitalist\",\"AN\":\"Anarchist\",\"BL\":\"Black Nationalist\",\"CF\":\"Confederate\",\"CM\":\"Communist\",\"CT\":\"Catalonia\",\"DM\":\"Democrat\",\"EU\":\"European\",\"FC\":\"Fascist\",\"GN\":\"Gadsden\",\"GY\":\"Gay\",\"JH\":\"Jihadi\",\"KN\":\"Kekistani\",\"MF\":\"Muslim\",\"NB\":\"National Bolshevik\",\"NT\":\"NATO\",\"NZ\":\"Nazi\",\"PC\":\"Hippie\",\"PR\":\"Pirate\",\"RE\":\"Republican\",\"MZ\":\"Task Force Z\",\"TM\":\"Templar\",\"TR\":\"Tree Hugger\",\"UN\":\"United Nations\",\"WP\":\"White Supremacist\"}},\"pw\":{\"board\":\"pw\",\"title\":\"Professional Wrestling\",\"ws_board\":1,\"per_page\":15,\"pages\":10,\"max_filesize\":4194304,\"max_webm_filesize\":4194304,\"max_comment_chars\":2000,\"max_webm_duration\":120,\"bump_limit\":310,\"image_limit\":150,\"cooldowns\":{\"threads\":600,\"replies\":60,\"images\":60},\"meta_description\":\"&quot;/pw/ - Professional Wrestling&quot; is 4chan's imageboard for the discussion of professional wrestling.\",\"is_archived\":1},\"qa\":{\"board\":\"qa\",\"title\":\"Question & Answer\",\"ws_board\":1,\"per_page\":15,\"pages\":10,\"max_filesize\":4194304,\"max_webm_filesize\":4194304,\"max_comment_chars\":2000,\"max_webm_duration\":120,\"bump_limit\":310,\"image_limit\":150,\"cooldowns\":{\"threads\":600,\"replies\":60,\"images\":60},\"meta_description\":\"&quot;/qa/ - Question &amp; Answer&quot; is 4chan's imageboard for question and answer threads.\",\"is_archived\":1},\"qst\":{\"board\":\"qst\",\"title\":\"Quests\",\"ws_board\":1,\"per_page\":15,\"pages\":10,\"max_filesize\":8388608,\"max_webm_filesize\":4194304,\"max_comment_chars\":3000,\"max_webm_duration\":120,\"bump_limit\":750,\"image_limit\":375,\"cooldowns\":{\"threads\":600,\"replies\":60,\"images\":60},\"meta_description\":\"&quot;/qst/ - Quests&quot; is 4chan's imageboard for grinding XP.\",\"spoilers\":1,\"user_ids\":1,\"is_archived\":1,\"require_subject\":1,\"oekaki\":1},\"r\":{\"board\":\"r\",\"title\":\"Adult Requests\",\"ws_board\":0,\"per_page\":15,\"pages\":10,\"max_filesize\":8388608,\"max_webm_filesize\":4194304,\"max_comment_chars\":2000,\"max_webm_duration\":120,\"bump_limit\":300,\"image_limit\":300,\"cooldowns\":{\"threads\":600,\"replies\":60,\"images\":30},\"meta_description\":\"&quot;/r/ - Request&quot; is 4chan's imageboard dedicated to fulfilling all types of user requests.\",\"is_archived\":1,\"webm_audio\":1},\"r9k\":{\"board\":\"r9k\",\"title\":\"ROBOT9001\",\"ws_board\":0,\"per_page\":15,\"pages\":10,\"max_filesize\":4194304,\"max_webm_filesize\":4194304,\"max_comment_chars\":2000,\"max_webm_duration\":120,\"bump_limit\":500,\"image_limit\":150,\"cooldowns\":{\"threads\":600,\"replies\":60,\"images\":30},\"meta_description\":\"&quot;/r9k/ - ROBOT9001&quot; is a board for hanging out and posting greentext stories.\",\"spoilers\":1,\"is_archived\":1},\"s\":{\"board\":\"s\",\"title\":\"Sexy Beautiful Women\",\"ws_board\":0,\"per_page\":15,\"pages\":10,\"max_filesize\":8388608,\"max_webm_filesize\":4194304,\"max_comment_chars\":2000,\"max_webm_duration\":120,\"bump_limit\":300,\"image_limit\":150,\"cooldowns\":{\"threads\":600,\"replies\":60,\"images\":30},\"meta_description\":\"&quot;/s/ - Sexy Beautiful Women&quot; is 4chan's imageboard dedicated to sharing images of softcore pornography.\",\"is_archived\":1,\"min_image_width\":500,\"min_image_height\":500},\"s4s\":{\"board\":\"s4s\",\"title\":\"Shit 4chan Says\",\"ws_board\":0,\"per_page\":15,\"pages\":10,\"max_filesize\":2097152,\"max_webm_filesize\":4194304,\"max_comment_chars\":2000,\"max_webm_duration\":120,\"bump_limit\":300,\"image_limit\":300,\"cooldowns\":{\"threads\":300,\"replies\":60,\"images\":30},\"meta_description\":\"&quot;[s4s] - Shit 4chan Says&quot; is 4chan's imageboard for posting dank memes :^)\",\"spoilers\":1,\"custom_spoilers\":6,\"is_archived\":1},\"sci\":{\"board\":\"sci\",\"title\":\"Science & Math\",\"ws_board\":1,\"per_page\":15,\"pages\":10,\"max_filesize\":4194304,\"max_webm_filesize\":4194304,\"max_comment_chars\":2000,\"max_webm_duration\":120,\"bump_limit\":310,\"image_limit\":250,\"cooldowns\":{\"threads\":600,\"replies\":60,\"images\":60},\"meta_description\":\"&quot;/sci/ - Science &amp; Math&quot; is 4chan's board for the discussion of science and math.\",\"is_archived\":1,\"math_tags\":1},\"soc\":{\"board\":\"soc\",\"title\":\"Cams & Meetups\",\"ws_board\":0,\"per_page\":15,\"pages\":10,\"max_filesize\":5242880,\"max_webm_filesize\":4194304,\"max_comment_chars\":2000,\"max_webm_duration\":120,\"bump_limit\":500,\"image_limit\":300,\"cooldowns\":{\"threads\":600,\"replies\":60,\"images\":30},\"meta_description\":\"&quot;/soc/ - Cams &amp; Meetups&quot; is 4chan's board for camwhores and meetups.\",\"user_ids\":1,\"is_archived\":1},\"sp\":{\"board\":\"sp\",\"title\":\"Sports\",\"ws_board\":1,\"per_page\":15,\"pages\":10,\"max_filesize\":4194304,\"max_webm_filesize\":4194304,\"max_comment_chars\":2000,\"max_webm_duration\":120,\"bump_limit\":500,\"image_limit\":300,\"cooldowns\":{\"threads\":600,\"replies\":60,\"images\":60},\"meta_description\":\"&quot;/sp/ - Sports&quot; is 4chan's imageboard for sports discussion.\",\"is_archived\":1,\"country_flags\":1},\"t\":{\"board\":\"t\",\"title\":\"Torrents\",\"ws_board\":0,\"per_page\":15,\"pages\":10,\"max_filesize\":4194304,\"max_webm_filesize\":4194304,\"max_comment_chars\":2000,\"max_webm_duration\":120,\"bump_limit\":300,\"image_limit\":300,\"cooldowns\":{\"threads\":600,\"replies\":60,\"images\":30},\"meta_description\":\"&quot;/t/ - Torrents&quot; is 4chan's imageboard for posting links and descriptions to torrents.\",\"is_archived\":1},\"tg\":{\"board\":\"tg\",\"title\":\"Traditional Games\",\"ws_board\":1,\"per_page\":15,\"pages\":10,\"max_filesize\":8388608,\"max_webm_filesize\":4194304,\"max_comment_chars\":2000,\"max_webm_duration\":120,\"bump_limit\":310,\"image_limit\":150,\"cooldowns\":{\"threads\":600,\"replies\":60,\"images\":60},\"meta_description\":\"&quot;/tg/ - Traditional Games&quot; is 4chan's imageboard for discussing traditional gaming, such as board games and tabletop RPGs.\",\"spoilers\":1,\"custom_spoilers\":2,\"is_archived\":1},\"toy\":{\"board\":\"toy\",\"title\":\"Toys\",\"ws_board\":1,\"per_page\":15,\"pages\":10,\"max_filesize\":4194304,\"max_webm_filesize\":4194304,\"max_comment_chars\":2000,\"max_webm_duration\":120,\"bump_limit\":310,\"image_limit\":150,\"cooldowns\":{\"threads\":600,\"replies\":60,\"images\":60},\"meta_description\":\"&quot;/toy/ - Toys&quot; is 4chan's imageboard for talking about all kinds of toys!\",\"is_archived\":1},\"trash\":{\"board\":\"trash\",\"title\":\"Off-Topic\",\"ws_board\":0,\"per_page\":15,\"pages\":10,\"max_filesize\":4194304,\"max_webm_filesize\":4194304,\"max_comment_chars\":2000,\"max_webm_duration\":120,\"bump_limit\":300,\"image_limit\":300,\"cooldowns\":{\"threads\":600,\"replies\":60,\"images\":30},\"meta_description\":\"&quot;/trash/ - Off-topic&quot; is 4chan's imageboard jail for off-topic threads.\"},\"trv\":{\"board\":\"trv\",\"title\":\"Travel\",\"ws_board\":1,\"per_page\":15,\"pages\":10,\"max_filesize\":8388608,\"max_webm_filesize\":4194304,\"max_comment_chars\":2000,\"max_webm_duration\":120,\"bump_limit\":310,\"image_limit\":150,\"cooldowns\":{\"threads\":600,\"replies\":60,\"images\":60},\"meta_description\":\"&quot;/trv/ - Travel&quot; is 4chan's imageboard dedicated to travel and the countries of the world.\",\"is_archived\":1},\"tv\":{\"board\":\"tv\",\"title\":\"Television & Film\",\"ws_board\":1,\"per_page\":15,\"pages\":10,\"max_filesize\":4194304,\"max_webm_filesize\":4194304,\"max_comment_chars\":2000,\"max_webm_duration\":120,\"bump_limit\":310,\"image_limit\":150,\"cooldowns\":{\"threads\":600,\"replies\":60,\"images\":60},\"meta_description\":\"&quot;/tv/ - Television &amp; Film&quot; is 4chan's imageboard dedicated to the discussion of television and film.\",\"spoilers\":1,\"custom_spoilers\":5,\"is_archived\":1},\"u\":{\"board\":\"u\",\"title\":\"Yuri\",\"ws_board\":0,\"per_page\":15,\"pages\":10,\"max_filesize\":4194304,\"max_webm_filesize\":4194304,\"max_comment_chars\":2000,\"max_webm_duration\":120,\"bump_limit\":300,\"image_limit\":300,\"cooldowns\":{\"threads\":600,\"replies\":60,\"images\":30},\"meta_description\":\"&quot;/u/ - Yuri&quot; is 4chan's imageboard for yuri hentai images.\",\"spoilers\":1,\"is_archived\":1},\"v\":{\"board\":\"v\",\"title\":\"Video Games\",\"ws_board\":1,\"per_page\":20,\"pages\":10,\"max_filesize\":4194304,\"max_webm_filesize\":4194304,\"max_comment_chars\":2000,\"max_webm_duration\":120,\"bump_limit\":500,\"image_limit\":300,\"cooldowns\":{\"threads\":600,\"replies\":60,\"images\":60},\"meta_description\":\"&quot;/v/ - Video Games&quot; is 4chan's imageboard dedicated to the discussion of PC and console video games.\",\"spoilers\":1,\"custom_spoilers\":1,\"is_archived\":1},\"vg\":{\"board\":\"vg\",\"title\":\"Video Game Generals\",\"ws_board\":1,\"per_page\":20,\"pages\":10,\"max_filesize\":4194304,\"max_webm_filesize\":4194304,\"max_comment_chars\":2000,\"max_webm_duration\":120,\"bump_limit\":750,\"image_limit\":375,\"cooldowns\":{\"threads\":600,\"replies\":90,\"images\":120},\"meta_description\":\"&quot;/vg/ - Video Game Generals&quot; is 4chan's imageboard dedicated to the discussion of PC and console video games.\",\"spoilers\":1,\"custom_spoilers\":1,\"is_archived\":1,\"require_subject\":1},\"vip\":{\"board\":\"vip\",\"title\":\"Very Important Posts\",\"ws_board\":1,\"per_page\":15,\"pages\":10,\"max_filesize\":4194304,\"max_webm_filesize\":4194304,\"max_comment_chars\":2000,\"max_webm_duration\":120,\"bump_limit\":300,\"image_limit\":300,\"cooldowns\":{\"threads\":600,\"replies\":60,\"images\":60},\"meta_description\":\"&quot;/vip/ - Very Important Posts&quot; is 4chan's imageboard for Pass users.\",\"spoilers\":1,\"is_archived\":1,\"sjis_tags\":1,\"oekaki\":1},\"vm\":{\"board\":\"vm\",\"title\":\"Video Games/Multiplayer\",\"ws_board\":1,\"per_page\":15,\"pages\":10,\"max_filesize\":4194304,\"max_webm_filesize\":4194304,\"max_comment_chars\":2000,\"max_webm_duration\":120,\"bump_limit\":500,\"image_limit\":300,\"cooldowns\":{\"threads\":600,\"replies\":60,\"images\":60},\"meta_description\":\"&quot;/vmg/ - Video Games/Multiplayer&quot; is 4chan's imageboard dedicated to the discussion of multiplayer video games.\",\"spoilers\":1,\"custom_spoilers\":1,\"is_archived\":1},\"vmg\":{\"board\":\"vmg\",\"title\":\"Video Games/Mobile\",\"ws_board\":1,\"per_page\":15,\"pages\":10,\"max_filesize\":4194304,\"max_webm_filesize\":4194304,\"max_comment_chars\":2000,\"max_webm_duration\":120,\"bump_limit\":500,\"image_limit\":300,\"cooldowns\":{\"threads\":600,\"replies\":60,\"images\":60},\"meta_description\":\"&quot;/vmg/ - Video Games/Mobile&quot; is 4chan's imageboard dedicated to the discussion of video games on mobile devices.\",\"spoilers\":1,\"custom_spoilers\":3,\"is_archived\":1},\"vp\":{\"board\":\"vp\",\"title\":\"Pokémon\",\"ws_board\":1,\"per_page\":15,\"pages\":10,\"max_filesize\":4194304,\"max_webm_filesize\":4194304,\"max_comment_chars\":2000,\"max_webm_duration\":120,\"bump_limit\":310,\"image_limit\":150,\"cooldowns\":{\"threads\":600,\"replies\":60,\"images\":60},\"meta_description\":\"&quot;/vp/ - Pok&eacute;mon&quot; is 4chan's imageboard dedicated to discussing the Pok&eacute;mon series of video games and shows.\",\"spoilers\":1,\"custom_spoilers\":1,\"is_archived\":1},\"vr\":{\"board\":\"vr\",\"title\":\"Retro Games\",\"ws_board\":1,\"per_page\":15,\"pages\":10,\"max_filesize\":4194304,\"max_webm_filesize\":4194304,\"max_comment_chars\":2000,\"max_webm_duration\":120,\"bump_limit\":500,\"image_limit\":300,\"cooldowns\":{\"threads\":600,\"replies\":60,\"images\":60},\"meta_description\":\"&quot;/vr/ - Retro Games&quot; is 4chan's imageboard for discussing retro console video games and classic arcade games.\",\"spoilers\":1,\"custom_spoilers\":2,\"is_archived\":1},\"vrpg\":{\"board\":\"vrpg\",\"title\":\"Video Games/RPG\",\"ws_board\":1,\"per_page\":15,\"pages\":10,\"max_filesize\":4194304,\"max_webm_filesize\":4194304,\"max_comment_chars\":2000,\"max_webm_duration\":120,\"bump_limit\":500,\"image_limit\":300,\"cooldowns\":{\"threads\":600,\"replies\":60,\"images\":60},\"meta_description\":\"&quot;/vrpg/ - Video Games/RPG&quot; is 4chan's imageboard dedicated to the discussion of role-playing video games.\",\"spoilers\":1,\"custom_spoilers\":3,\"is_archived\":1},\"vst\":{\"board\":\"vst\",\"title\":\"Video Games/Strategy\",\"ws_board\":1,\"per_page\":15,\"pages\":10,\"max_filesize\":4194304,\"max_webm_filesize\":4194304,\"max_comment_chars\":2000,\"max_webm_duration\":120,\"bump_limit\":500,\"image_limit\":300,\"cooldowns\":{\"threads\":600,\"replies\":60,\"images\":60},\"meta_description\":\"&quot;/vst/ - Video Games/Strategy&quot; is 4chan's imageboard dedicated to the discussion of strategy video games.\",\"spoilers\":1,\"custom_spoilers\":1,\"is_archived\":1},\"vt\":{\"board\":\"vt\",\"title\":\"Virtual YouTubers\",\"ws_board\":1,\"per_page\":15,\"pages\":10,\"max_filesize\":4194304,\"max_webm_filesize\":4194304,\"max_comment_chars\":5000,\"max_webm_duration\":120,\"bump_limit\":310,\"image_limit\":300,\"cooldowns\":{\"threads\":3600,\"replies\":60,\"images\":60},\"meta_description\":\"&quot;/vt/ - Virtual YouTubers&quot; is 4chan's board for discussing virtual YouTubers (&quot;VTubers&quot;).\",\"spoilers\":1,\"custom_spoilers\":3,\"is_archived\":1},\"w\":{\"board\":\"w\",\"title\":\"Anime/Wallpapers\",\"ws_board\":1,\"per_page\":15,\"pages\":10,\"max_filesize\":6291456,\"max_webm_filesize\":4194304,\"max_comment_chars\":2000,\"max_webm_duration\":120,\"bump_limit\":310,\"image_limit\":300,\"cooldowns\":{\"threads\":600,\"replies\":60,\"images\":60},\"meta_description\":\"&quot;/w/ - Anime/Wallpapers&quot; is 4chan's imageboard for posting Japanese anime wallpapers.\",\"is_archived\":1,\"min_image_width\":480,\"min_image_height\":600},\"wg\":{\"board\":\"wg\",\"title\":\"Wallpapers/General\",\"ws_board\":0,\"per_page\":15,\"pages\":10,\"max_filesize\":6291456,\"max_webm_filesize\":4194304,\"max_comment_chars\":2000,\"max_webm_duration\":120,\"bump_limit\":300,\"image_limit\":300,\"cooldowns\":{\"threads\":600,\"replies\":60,\"images\":30},\"meta_description\":\"&quot;/wg/ - Wallpapers/General&quot; is 4chan's imageboard for posting general wallpapers.\",\"is_archived\":1,\"min_image_width\":480,\"min_image_height\":600},\"wsg\":{\"board\":\"wsg\",\"title\":\"Worksafe GIF\",\"ws_board\":1,\"per_page\":15,\"pages\":10,\"max_filesize\":6291456,\"max_webm_filesize\":6291456,\"max_comment_chars\":2000,\"max_webm_duration\":400,\"bump_limit\":310,\"image_limit\":150,\"cooldowns\":{\"threads\":600,\"replies\":60,\"images\":60},\"meta_description\":\"&quot;/wsg/ - Worksafe GIF&quot; is 4chan's imageboard dedicated to sharing worksafe animated GIFs and WEBMs.\",\"is_archived\":1,\"webm_audio\":1},\"wsr\":{\"board\":\"wsr\",\"title\":\"Worksafe Requests\",\"ws_board\":1,\"per_page\":15,\"pages\":10,\"max_filesize\":8388608,\"max_webm_filesize\":4194304,\"max_comment_chars\":2000,\"max_webm_duration\":120,\"bump_limit\":310,\"image_limit\":150,\"cooldowns\":{\"threads\":600,\"replies\":60,\"images\":60},\"meta_description\":\"&quot;/wsr/ - Worksafe Requests&quot; is 4chan's imageboard dedicated to fulfilling non-NSFW requests.\",\"is_archived\":1,\"webm_audio\":1},\"x\":{\"board\":\"x\",\"title\":\"Paranormal\",\"ws_board\":1,\"per_page\":15,\"pages\":10,\"max_filesize\":4194304,\"max_webm_filesize\":4194304,\"max_comment_chars\":2000,\"max_webm_duration\":120,\"bump_limit\":310,\"image_limit\":150,\"cooldowns\":{\"threads\":600,\"replies\":60,\"images\":60},\"meta_description\":\"&quot;/x/ - Paranormal&quot; is 4chan's imageboard for the discussion of paranormal, spooky pictures and conspiracy theories.\",\"is_archived\":1},\"xs\":{\"board\":\"xs\",\"title\":\"Extreme Sports\",\"ws_board\":1,\"per_page\":15,\"pages\":10,\"max_filesize\":4194304,\"max_webm_filesize\":4194304,\"max_comment_chars\":2000,\"max_webm_duration\":120,\"bump_limit\":310,\"image_limit\":150,\"cooldowns\":{\"threads\":600,\"replies\":60,\"images\":60},\"meta_description\":\"&quot;/xs/ - Extreme Sports&quot; is 4chan's imageboard imageboard dedicated to the discussion of extreme sports.\",\"is_archived\":1},\"y\":{\"board\":\"y\",\"title\":\"Yaoi\",\"ws_board\":0,\"per_page\":15,\"pages\":10,\"max_filesize\":4194304,\"max_webm_filesize\":4194304,\"max_comment_chars\":2000,\"max_webm_duration\":120,\"bump_limit\":300,\"image_limit\":300,\"cooldowns\":{\"threads\":600,\"replies\":60,\"images\":30},\"meta_description\":\"&quot;/y/ - Yaoi&quot; is 4chan's imageboard for posting adult yaoi hentai images.\",\"is_archived\":1}},\"lastChecked\":1717102350616}","4chan X.boardnav":"s\"[ toggle-all ]\\n[current-index-text:\\\"Index\\\"\\ncurrent-catalog-text:\\\"Catalog\\\"\\ncurrent-expired-text:\\\"Expired\\\"\\ncurrent-archive-text:\\\"Archive\\\"]\\n[external-text:\\\"FAQ\\\",\\\"https://github.com/ccd0/4chan-x/wiki/Frequently-Asked-Questions\\\"]\"","4chan X.capcode":"s\"# Set a custom class for mods:\\n#/Mod$/;highlight:mod;op:yes\\n# Set a custom class for admins:\\n#/Admin$/;highlight:admin;op:yes\"","4chan X.captchaLanguage":"s\"\"","4chan X.captchaServiceDomain":"s\"\"","4chan X.captchaServiceKey":"s{\"https://api.captcha.guru\":\"\",\"https://azcaptcha.com\":\"\",\"https://2captcha.com\":\"\"}","4chan X.comment":"s\"# Filter Stallman copypasta on /g/:\\n#/what you're refer+ing to as linux/i;boards:g\\n# Filter posts with 20 or more quote links:\\n#/(?:>>\\\\d(?:(?!>>\\\\d)[^])*){20}/\\n# Filter posts like T H I S / H / I / S:\\n#/^>?\\\\s?\\\\w\\\\s?(\\\\w)\\\\s?(\\\\w)\\\\s?(\\\\w).*$[\\\\s>]+\\\\1[\\\\s>]+\\\\2[\\\\s>]+\\\\3/im\"","4chan X.cooldowns":"s{}","4chan X.customCooldown":"s0","4chan X.customCooldownEnabled":"strue","4chan X.customTitles":"s{\"4chan.org\":{\"boards\":{\"qa\":{\"boardTitle\":{\"orig\":\"/qa/ - Question & Answer\",\"title\":\"/qa/ - 2D/Random\"}}}}}","4chan X.dimensions":"s\"# Highlight potential wallpapers:\\n#/1920x1080/;op:yes;highlight;top:no;boards:w,wg\"","4chan X.email":"s\"\"","4chan X.embedding.position":"s\"top: 50px; right: 0px;\"","4chan X.externalCatalogURLs":"s\"//catalog.neet.tv/%board/;boards:4chan.org:3,a,adv,an,asp,biz,c,cgl,ck,cm,co,diy,f,fa,fit,g,gd,his,i,int,jp,k,lgbt,lit,m,mlp,mu,n,news,o,out,p,po,pol,s4s,sci,sp,tg,toy,trv,tv,v,vg,vip,vp,vr,w,wg,wsg,wsr,x\"","4chan X.fappeTyme":"s\"f\"","4chan X.favicon":"s\"ferongr\"","4chan X.fileInfo":"s\"%l %d (%p%s, %r%g)\"","4chan X.filename":"s\"\"","4chan X.filesize":"s\"\"","4chan X.flag":"s\"\"","4chan X.fourchanImageHost":"s\"i.4cdn.org\"","4chan X.general":"s\"\"","4chan X.hiddenPSAList":"s{\"4chan.org\":\"1616075913\"}","4chan X.hiddenPosts":"s{\"4chan.org\":{\"boards\":{},\"lastChecked\":1620172881491}}","4chan X.hiddenThreads":"s{\"4chan.org\":{\"boards\":{},\"lastChecked\":1620172881491}}","4chan X.jsWhitelist":"s\"http://s.4cdn.org\\nhttps://s.4cdn.org\\nhttp://www.google.com\\nhttps://www.google.com\\nhttps://www.gstatic.com\\nhttp://cdn.mathjax.org\\nhttps://cdn.mathjax.org\\nhttps://cdnjs.cloudflare.com\\nhttps://hcaptcha.com\\nhttps://*.hcaptcha.com\\n'self'\\n'unsafe-inline'\\n'unsafe-eval'\"","4chan X.knownBanners":"s\"0.jpg,1.jpg,2.jpg,4.jpg,6.jpg,7.jpg,8.jpg,9.jpg,10.jpg,11.jpg,12.jpg,13.jpg,14.jpg,16.jpg,17.jpg,18.jpg,19.jpg,20.jpg,21.jpg,22.jpg,24.jpg,25.jpg,26.jpg,28.jpg,29.jpg,33.jpg,38.jpg,39.jpg,43.jpg,44.jpg,45.jpg,46.jpg,47.jpg,52.jpg,54.jpg,57.jpg,59.jpg,60.jpg,61.jpg,64.jpg,66.jpg,67.jpg,69.jpg,71.jpg,72.jpg,76.jpg,77.jpg,81.jpg,82.jpg,83.jpg,84.jpg,88.jpg,90.jpg,91.jpg,96.jpg,98.jpg,99.jpg,100.jpg,104.jpg,106.jpg,116.jpg,119.jpg,137.jpg,140.jpg,148.jpg,149.jpg,150.jpg,154.jpg,156.jpg,157.jpg,158.jpg,159.jpg,161.jpg,162.jpg,164.jpg,165.jpg,166.jpg,167.jpg,168.jpg,169.jpg,170.jpg,171.jpg,172.jpg,173.jpg,174.jpg,175.jpg,176.jpg,178.jpg,179.jpg,180.jpg,181.jpg,182.jpg,183.jpg,186.jpg,189.jpg,190.jpg,192.jpg,193.jpg,194.jpg,197.jpg,198.jpg,200.jpg,201.jpg,202.jpg,203.jpg,205.jpg,206.jpg,207.jpg,208.jpg,210.jpg,213.jpg,214.jpg,215.jpg,216.jpg,218.jpg,219.jpg,220.jpg,221.jpg,222.jpg,223.jpg,224.jpg,227.jpg,0.png,1.png,2.png,3.png,5.png,6.png,9.png,10.png,11.png,12.png,14.png,16.png,19.png,20.png,21.png,22.png,23.png,24.png,26.png,27.png,28.png,29.png,30.png,31.png,32.png,33.png,34.png,37.png,39.png,40.png,41.png,42.png,43.png,44.png,45.png,48.png,49.png,50.png,51.png,52.png,53.png,57.png,58.png,59.png,64.png,66.png,67.png,68.png,69.png,70.png,71.png,72.png,76.png,78.png,79.png,81.png,82.png,85.png,86.png,87.png,89.png,95.png,98.png,100.png,101.png,102.png,105.png,106.png,107.png,109.png,110.png,111.png,112.png,113.png,114.png,115.png,116.png,118.png,119.png,120.png,121.png,122.png,123.png,126.png,128.png,130.png,134.png,136.png,138.png,139.png,140.png,142.png,145.png,146.png,149.png,150.png,151.png,152.png,153.png,154.png,155.png,156.png,157.png,158.png,159.png,160.png,163.png,164.png,165.png,166.png,167.png,168.png,169.png,170.png,171.png,172.png,173.png,174.png,178.png,179.png,180.png,181.png,182.png,184.png,186.png,188.png,190.png,192.png,193.png,194.png,195.png,196.png,197.png,198.png,200.png,202.png,203.png,205.png,206.png,207.png,209.png,212.png,213.png,214.png,216.png,217.png,218.png,219.png,220.png,221.png,222.png,223.png,224.png,225.png,226.png,229.png,231.png,232.png,233.png,234.png,235.png,237.png,238.png,239.png,240.png,241.png,242.png,244.png,245.png,246.png,247.png,248.png,249.png,250.png,253.png,254.png,255.png,256.png,257.png,258.png,259.png,260.png,262.png,268.png,0.gif,1.gif,2.gif,3.gif,4.gif,5.gif,6.gif,7.gif,8.gif,9.gif,10.gif,12.gif,13.gif,14.gif,15.gif,16.gif,18.gif,19.gif,20.gif,21.gif,22.gif,23.gif,24.gif,28.gif,29.gif,30.gif,33.gif,34.gif,35.gif,36.gif,37.gif,39.gif,40.gif,42.gif,44.gif,45.gif,46.gif,48.gif,50.gif,52.gif,54.gif,55.gif,57.gif,58.gif,59.gif,60.gif,61.gif,63.gif,64.gif,66.gif,67.gif,68.gif,69.gif,70.gif,72.gif,73.gif,75.gif,76.gif,77.gif,78.gif,80.gif,81.gif,82.gif,83.gif,86.gif,87.gif,88.gif,92.gif,93.gif,94.gif,95.gif,96.gif,97.gif,98.gif,99.gif,100.gif,101.gif,102.gif,103.gif,104.gif,105.gif,106.gif,108.gif,109.gif,110.gif,111.gif,112.gif,113.gif,115.gif,116.gif,117.gif,118.gif,119.gif,120.gif,122.gif,123.gif,124.gif,127.gif,129.gif,130.gif,131.gif,134.gif,135.gif,136.gif,138.gif,139.gif,141.gif,144.gif,146.gif,148.gif,149.gif,153.gif,154.gif,155.gif,157.gif,158.gif,159.gif,160.gif,161.gif,162.gif,164.gif,166.gif,167.gif,168.gif,169.gif,170.gif,171.gif,172.gif,173.gif,174.gif,175.gif,176.gif,177.gif,178.gif,181.gif,182.gif,183.gif,185.gif,186.gif,187.gif,188.gif,189.gif,190.gif,191.gif,192.gif,193.gif,195.gif,196.gif,197.gif,200.gif,201.gif,202.gif,203.gif,204.gif,205.gif,206.gif,207.gif,208.gif,209.gif,210.gif,211.gif,212.gif,213.gif,214.gif,215.gif,216.gif,217.gif,219.gif,220.gif,221.gif,222.gif,224.gif,225.gif,226.gif,227.gif,228.gif,230.gif,232.gif,233.gif,234.gif,235.gif,238.gif,240.gif,241.gif,243.gif,244.gif,245.gif,246.gif,247.gif,249.gif,250.gif,251.gif,253.gif\"","4chan X.lastReadPosts":"s{\"4chan.org\":{\"boards\":{\"w\":{\"2107405\":2232374,\"2158018\":2202283,\"2175954\":2202140,\"2213305\":2232257,\"2216403\":2240744,\"2219296\":2232654,\"2220159\":2232233,\"2243263\":2250831,\"2244218\":2244843,\"2247916\":2249993},\"jp\":{\"46936904\":46967286,\"46944191\":46967461},\"vt\":{\"76820145\":76864898}},\"lastChecked\":1717093157862},\"version\":17258}","4chan X.lastarchivecheck":"s1716956396277","4chan X.name":"s\"# Filter any namefags:\\n#/^(?!Anonymous$)/\"","4chan X.pass":"s\"# Filter anyone using since4pass:\\n#/./\"","4chan X.passMessageClosed":"sfalse","4chan X.pastedname":"s\"file\"","4chan X.postID":"s\"# Highlight dubs on [s4s]:\\n#/(\\\\d)\\\\1$/;highlight;top:no;boards:s4s\"","4chan X.previousversion":"s\"1.14.22.4\"","4chan X.qr.position":"s\"top: 50px; right: 0px;\"","4chan X.sauces":"s\"# Known filename formats:\\nhttps://www.pixiv.net/member_illust.php?mode=medium&illust_id=%$1;regexp:/^(\\\\d+)_p\\\\d+/\\njavascript:void(open(\\\"https://www.deviantart.com/\\\"+%$1.replace(/_/g,\\\"-\\\")+\\\"/art/\\\"+parseInt(%$2,36)));regexp:/^\\\\w+_by_(\\\\w+)[_-]d([\\\\da-z]{6})\\\\b/\\nhttps://imgur.com/%$1;regexp:/^(?![a-zA-Z][a-z]{6})(?![A-Z]{7})(?!\\\\d{7})([\\\\da-zA-Z]{7})(?: \\\\(\\\\d+\\\\))?\\\\.\\\\w+$/\\nhttps://flickr.com/photo.gne?id=%$1;regexp:/^(\\\\d+)_[\\\\da-f]{10}(?:_\\\\w)*\\\\b/\\nhttps://www.facebook.com/photo.php?fbid=%$1;regexp:/^\\\\d+_(\\\\d+)_\\\\d+_[no]\\\\b/\\n\\n# Reverse image search:\\nhttps://www.google.com/searchbyimage?sbisrc=4chanx&image_url=%IMG&safe=off\\nhttps://yandex.com/images/search?rpt=imageview&url=%IMG\\n#//tineye.com/search?url=%IMG\\n#//www.bing.com/images/search?q=imgurl:%IMG&view=detailv2&iss=sbi#enterInsights\\n\\n# Specialized reverse image search:\\n//iqdb.org/?url=%IMG\\nhttps://trace.moe/?auto&url=%IMG;text:wait\\n#//3d.iqdb.org/?url=%IMG\\n#//saucenao.com/search.php?url=%IMG\\n\\n# \\\"View Same\\\" in archives:\\nhttp://eye.swfchan.com/search/?q=%name;types:swf\\n#https://desuarchive.org/_/search/image/%sMD5/\\n#https://archive.4plebs.org/_/search/image/%sMD5/\\n#https://boards.fireden.net/_/search/image/%sMD5/\\n#https://foolz.fireden.net/_/search/image/%sMD5/\\n\\n# Other tools:\\n#http://exif.regex.info/exif.cgi?imgurl=%URL\\n#//imgops.com/start?url=%URL;types:gif,jpg,png\\n#//www.gif-explode.com/%URL;types:gif\\n\\n#https://lens.google.com/uploadbyurl?url=%IMG;text:lens\"","4chan X.selectedArchives":"s{\"vt\":{\"thread\":29}}","4chan X.siteProperties":"s{\"4chan.org\":{\"software\":\"yotsuba\"},\"4channel.org\":{\"canonical\":\"4chan.org\"},\"4cdn.org\":{\"canonical\":\"4chan.org\"},\"notso.smuglo.li\":{\"canonical\":\"smuglo.li\"},\"smugloli.net\":{\"canonical\":\"smuglo.li\"},\"smug.nepu.moe\":{\"canonical\":\"smuglo.li\"}}","4chan X.siteSoftware":"s\"\"","4chan X.sjisPreview":"sfalse","4chan X.subject":"s\"# Filter Generals on /v/:\\n#/general/i;boards:v;op:only\"","4chan X.thread-stats.position":"s\"bottom: 0px; right: 0px;\"","4chan X.thread-watcher.position":"s\"top: 50px; left: 0px;\"","4chan X.time":"s\"%m/%d/%y(%a)%H:%M:%S\"","4chan X.timeLocale":"s\"\"","4chan X.tripcode":"s\"# Filter any tripfag\\n#/^!/\"","4chan X.uniqueID":"s\"# Filter a specific ID:\\n#/Txhvk1Tl/\"","4chan X.updater.position":"s\"bottom: 0px; left: 0px;\"","4chan X.usercss":"s\"/* Board title rice */\\ndiv.boardTitle {\\n  font-weight: 400 !important;\\n}\\n:root.yotsuba div.boardTitle {\\n  font-family: sans-serif !important;\\n  text-shadow: 1px 1px 1px rgba(100,0,0,0.6);\\n}\\n:root.yotsuba-b div.boardTitle {\\n  font-family: sans-serif !important;\\n  text-shadow: 1px 1px 1px rgba(105,10,15,0.6);\\n}\\n:root.photon div.boardTitle {\\n  font-family: sans-serif !important;\\n  text-shadow: 1px 1px 1px rgba(0,74,153,0.6);\\n}\\n:root.tomorrow div.boardTitle {\\n  font-family: sans-serif !important;\\n  text-shadow: 1px 1px 1px rgba(167,170,168,0.6);\\n}\\n\"","4chan X.watchedThreads":"s{\"4chan.org\":{\"boards\":{\"g\":{\"70695861\":{\"isDead\":true,\"excerpt\":\"/g/ - Windows 10 Appreciation\",\"unread\":0,\"quotingYou\":false,\"last\":70696321,\"replies\":21},\"71282974\":{\"excerpt\":\"/g/ - New firefox release notes. https://www.mozilla.org/en-US/firefox...\",\"modified\":1559779710,\"last\":71293282,\"replies\":79,\"isDead\":true,\"unread\":17,\"quotingYou\":false},\"71285528\":{\"excerpt\":\"/g/ - desktop thread\",\"modified\":1559884111,\"last\":71307678,\"replies\":312,\"isDead\":true,\"unread\":6,\"quotingYou\":false},\"71304784\":{\"excerpt\":\"/g/ - NO RICE NO LIFE, AND NO TIME FOR LOVE\",\"modified\":1559932745,\"last\":71315564,\"replies\":270,\"isDead\":true,\"quotingYou\":false}},\"r9k\":{\"52329255\":{\"modified\":1557365997,\"last\":52329446,\"replies\":2,\"isDead\":true,\"unread\":0,\"quotingYou\":false,\"val\":{\"excerpt\":\"/r9k/ - > be me // > pooping for 5 mins // >feels good and done // > g...\"}}}}},\"lastChecked\":1717109533743,\"lastChecked2\":1717102350623,\"version\":2599}","4chan X.watcherLastModified":"s{\"4chan.org\":{\"boards\":{}}}","4chan X.werk":"sfalse","4chan X.werkTyme":"s\"Shift+w\"","4chan X.yourPosts":"s{\"4chan.org\":{\"boards\":{},\"lastChecked\":1699644375566},\"version\":1}"}}