{"options":{"check_for_updates":true,"comment":null,"compat_foreach":false,"compat_metadata":false,"compat_powerful_this":null,"compat_prototypes":false,"compat_wrappedjsobject":false,"compatopts_for_requires":true,"noframes":null,"override":{"merge_connects":true,"merge_excludes":true,"merge_includes":true,"merge_matches":true,"orig_connects":[],"orig_excludes":[],"orig_includes":[],"orig_matches":["*://boards.4chan.org/*","*://boards.4channel.org/*"],"orig_noframes":null,"orig_run_at":"document-start","use_blockers":[],"use_connects":[],"use_excludes":[],"use_includes":[],"use_matches":[]},"run_at":null,"tab_types":null,"unwrap":null},"settings":{"enabled":false,"position":16},"meta":{"name":"4chan External Sounds","uuid":"a44bfd9f-b9b5-4110-8af3-2f68a29b5160","modified":1656983659686,"file_url":"https://sleazyfork.org/scripts/31045-4chan-external-sounds/code/4chan%20External%20Sounds.user.js"}}