{"options":{"check_for_updates":true,"comment":null,"compat_foreach":false,"compat_metadata":false,"compat_powerful_this":null,"compat_prototypes":false,"compat_wrappedjsobject":false,"compatopts_for_requires":true,"noframes":null,"override":{"merge_connects":true,"merge_excludes":true,"merge_includes":true,"merge_matches":true,"orig_connects":["4chan.org","4channel.org","a.4cdn.org","desu-usergeneratedcontent.xyz","arch-img.b4k.co","archive-media-0.nyafuu.org","4cdn.org","a.pomf.cat","pomf.cat","files.catbox.moe","catbox.moe","share.dmca.gripe","z.zz.ht","z.zz.fo","zz.ht","too.lewd.se","lewd.se","*"],"orig_excludes":[],"orig_includes":[],"orig_matches":["*://boards.4chan.org/*","*://boards.4channel.org/*","*://desuarchive.org/*","*://arch.b4k.co/*","*://archived.moe/*","*://warosu.org/*","*://archive.nyafuu.org/*"],"orig_noframes":null,"orig_run_at":"document-start","use_blockers":[],"use_connects":[],"use_excludes":[],"use_includes":[],"use_matches":[]},"run_at":null,"tab_types":null,"unwrap":null},"settings":{"enabled":true,"position":3},"meta":{"name":"4chan sounds player","uuid":"90192803-eab4-4096-9178-3dccd72468d9","modified":1663018499985,"file_url":"https://raw.githubusercontent.com/rcc11/4chan-sounds-player/master/dist/4chan-sounds-player.user.js"}}