{"options":{"check_for_updates":true,"comment":null,"compat_foreach":false,"compat_metadata":false,"compat_powerful_this":null,"compat_wrappedjsobject":false,"compatopts_for_requires":true,"noframes":null,"override":{"merge_connects":true,"merge_excludes":true,"merge_includes":true,"merge_matches":true,"orig_connects":["self","apkpure.com","apkfind.com","apk-cloud.com","winudf.com","apkcombo.com","down-apk.com","play.googleapis.com","gvt1.com","apkpremier.com","web-api.aptoide.com"],"orig_excludes":[],"orig_includes":[],"orig_matches":["https://play.google.com/*","http://play.google.com/*","http://apkfind.com/store/captcha?app=*"],"orig_noframes":null,"orig_run_at":"document-idle","use_blockers":[],"use_connects":[],"use_excludes":[],"use_includes":[],"use_matches":[]},"run_at":null,"sandbox":null,"tab_types":null,"unwrap":null,"user_modified":null},"settings":{"enabled":true,"position":29},"meta":{"name":"Direct download from Google Play","uuid":"ed765ad6-8433-49bc-8225-b637cd4269df","modified":1726720511981,"file_url":"https://update.greasyfork.org/scripts/33005/Direct%20download%20from%20Google%20Play.user.js"}}