{"options":{"awareOfChrome":false,"check_for_updates":true,"comment":null,"compat_arrayleft":false,"compat_foreach":false,"compat_forvarin":false,"compat_metadata":false,"compat_powerful_this":null,"compat_uW_gmonkey":false,"compat_wrappedjsobject":false,"compatopts_for_requires":true,"noframes":null,"override":{"merge_connects":true,"merge_excludes":true,"merge_includes":true,"merge_matches":true,"orig_excludes":[],"orig_includes":[],"orig_matches":["https://www.emuparadise.me/*/*/*"],"orig_noframes":null,"orig_run_at":"document-idle","use_blockers":[],"use_connects":[],"use_excludes":[],"use_includes":[],"use_matches":[]},"run_at":null,"tab_types":null,"user_modified":null},"settings":{"enabled":false,"position":5},"meta":{"name":"EmuParadise Download Workaround - 1.1.1","uuid":"660dcbd0-2ac3-4a23-87b6-6848774f2352","modified":1614679594989,"file_url":"https://gist.github.com/Eptun/3fdcc84552e75e452731cd4621c535e9/raw/d1dcc00185085ce10df8bebcc2a640fd01ef9058/emuparadise.eptun.user.js"}}