{"options":{"check_for_updates":true,"comment":null,"compat_foreach":false,"compat_metadata":false,"compat_powerful_this":null,"compat_prototypes":false,"compat_wrappedjsobject":true,"compatopts_for_requires":true,"noframes":null,"override":{"merge_connects":true,"merge_excludes":true,"merge_includes":true,"merge_matches":true,"orig_connects":[],"orig_excludes":[],"orig_includes":[],"orig_matches":["*://steamdb.info/app/*","*://steamdb.info/depot/*","*://store.steampowered.com/app/*"],"orig_noframes":null,"orig_run_at":"document-end","use_blockers":[],"use_connects":[],"use_excludes":[],"use_includes":[],"use_matches":[]},"run_at":null,"tab_types":null,"unwrap":null,"user_modified":null},"settings":{"enabled":true,"position":10},"meta":{"name":"Get Data from Steam / SteamDB","uuid":"5b67c349-4deb-4a0a-9cc9-c3b0c3514004","modified":1655129301577,"file_url":"https://raw.githack.com/Sak32009/GetDLCInfoFromSteamDB/master/sak32009-get-dlc-info-from-steamdb.user.js"}}