{"options":{"check_for_updates":true,"user_modified":null,"comment":null,"compatopts_for_requires":true,"compat_wrappedjsobject":false,"compat_metadata":false,"compat_foreach":false,"compat_powerful_this":null,"sandbox":null,"noframes":null,"unwrap":null,"run_at":null,"tab_types":null,"override":{"merge_connects":true,"merge_excludes":true,"merge_includes":true,"merge_matches":true,"orig_connects":["i.instagram.com","raw.githubusercontent.com"],"orig_excludes":[],"orig_includes":[],"orig_matches":["https://*.instagram.com/*"],"orig_noframes":null,"orig_run_at":"document-idle","use_blockers":[],"use_connects":[],"use_excludes":[],"use_includes":[],"use_matches":[]}},"settings":{"enabled":true,"position":24},"meta":{"name":"IG Helper","uuid":"30a3e243-adb7-4724-9118-8fa626cfba25","modified":1727925983544,"file_url":"https://update.greasyfork.org/scripts/404535/IG%20Helper.user.js"}}