{"options":{"check_for_updates":true,"comment":null,"compat_foreach":false,"compat_metadata":false,"compat_powerful_this":null,"compat_wrappedjsobject":false,"compatopts_for_requires":true,"noframes":null,"override":{"merge_connects":true,"merge_excludes":true,"merge_includes":true,"merge_matches":true,"orig_connects":["*","*://*/*"],"orig_excludes":[],"orig_includes":["*"],"orig_matches":["*://*/*","https://www.bilibili.com/","https://588ku.com/"],"orig_noframes":null,"orig_run_at":"document-end","use_blockers":[],"use_connects":[],"use_excludes":[],"use_includes":[],"use_matches":[]},"run_at":null,"sandbox":null,"tab_types":null,"unwrap":null,"user_modified":null},"settings":{"enabled":false,"position":22},"meta":{"name":"Image Downloader","uuid":"f792443f-408c-4676-956c-7a63cc8ff807","modified":1725385985421,"file_url":"https://update.greasyfork.org/scripts/419894/Image%20Downloader.user.js"}}