{"options":{"check_for_updates":true,"comment":null,"compat_foreach":false,"compat_metadata":false,"compat_powerful_this":null,"compat_wrappedjsobject":false,"compatopts_for_requires":true,"noframes":null,"override":{"merge_connects":true,"merge_excludes":true,"merge_includes":true,"merge_matches":true,"orig_connects":["rg-adguard.net"],"orig_excludes":[],"orig_includes":[],"orig_matches":["https://apps.microsoft.com/*","https://apps.microsoft.com/*"],"orig_noframes":null,"orig_run_at":"document-idle","use_blockers":[],"use_connects":[],"use_excludes":[],"use_includes":[],"use_matches":[]},"run_at":null,"sandbox":null,"tab_types":null,"unwrap":null,"user_modified":null},"settings":{"enabled":true,"position":28},"meta":{"name":"Microsoft Store Direct Download","uuid":"2d18def3-82d5-43ab-af85-7bc476276ce3","modified":1725385881087,"file_url":"https://update.greasyfork.org/scripts/394420/Microsoft%20Store%20Direct%20Download.user.js"}}