{"options":{"check_for_updates":true,"comment":null,"compat_foreach":false,"compat_metadata":false,"compat_powerful_this":null,"compat_wrappedjsobject":false,"compatopts_for_requires":true,"noframes":null,"override":{"merge_connects":true,"merge_excludes":true,"merge_includes":true,"merge_matches":true,"orig_connects":["*","self","github.com","deviantart.com","facebook.com","fbcdn.com","flickr.com","gfycat.com","googleusercontent.com","gyazo.com","imgur.com","instagr.am","instagram.com","prnt.sc","prntscr.com","user-images.githubusercontent.com"],"orig_excludes":[],"orig_includes":["*"],"orig_matches":[],"orig_noframes":null,"orig_run_at":"document-start","use_blockers":[],"use_connects":[],"use_excludes":[],"use_includes":[],"use_matches":[]},"run_at":null,"sandbox":null,"tab_types":null,"unwrap":null,"user_modified":null},"settings":{"enabled":false,"position":21},"meta":{"name":"Mouseover Popup Image Viewer","uuid":"3ba13d69-cd9c-4c11-beae-b4c7cb125ad4","modified":1727747983952,"file_url":"https://update.greasyfork.org/scripts/394820/Mouseover%20Popup%20Image%20Viewer.user.js"}}