{"options":{"check_for_updates":true,"comment":null,"compat_foreach":false,"compat_metadata":false,"compat_powerful_this":null,"compat_wrappedjsobject":false,"compatopts_for_requires":true,"noframes":null,"override":{"merge_connects":true,"merge_excludes":true,"merge_includes":true,"merge_matches":true,"orig_connects":["*"],"orig_excludes":["*://www.diancigaoshou.com/*"],"orig_includes":[],"orig_matches":["*://*/*"],"orig_noframes":null,"orig_run_at":"document-start","use_blockers":[],"use_connects":["paste.centos.org"],"use_excludes":[],"use_includes":[],"use_matches":[]},"run_at":null,"sandbox":null,"tab_types":null,"unwrap":null,"user_modified":null},"settings":{"enabled":false,"position":18},"meta":{"name":"MPV-M3U8 Video Detector and Downloader","uuid":"ada42cf2-4405-47a1-921f-fc5ec08dbf79","modified":1725383373701,"file_url":"https://raw.githubusercontent.com/FiorenMas/Userscripts/release/release/m3u8.user.js"}}