{"options":{"check_for_updates":true,"comment":null,"compat_foreach":false,"compat_metadata":false,"compat_powerful_this":null,"compat_wrappedjsobject":false,"compatopts_for_requires":true,"noframes":null,"override":{"merge_connects":true,"merge_excludes":true,"merge_includes":true,"merge_matches":true,"orig_connects":["youtube.com"],"orig_excludes":["http*://*.youtube.com/*.xml*","http*://*.youtube.com/error*","http*://music.youtube.com/*","http*://accounts.youtube.com/*","http*://studio.youtube.com/*","http*://*.youtube.com/redirect?*","http*://*.youtubetranscript.com/*"],"orig_includes":["http*://www.youtube.com/*","http*://m.youtube.com/*","http*://*.youtube-nocookie.com/embed/*","http*://youtube.googleapis.com/embed/*","http*://raingart.github.io/options.html*","http*://raingart.github.io/nova/*"],"orig_matches":[],"orig_noframes":null,"orig_run_at":"document-start","use_blockers":[],"use_connects":[],"use_excludes":[],"use_includes":[],"use_matches":[]},"run_at":null,"sandbox":null,"tab_types":null,"unwrap":null,"user_modified":null},"settings":{"enabled":true,"position":6},"meta":{"name":"Nova YouTube","uuid":"6597587a-0187-4ed0-b07f-83e875149144","modified":1713379034844,"file_url":"https://update.greasyfork.org/scripts/433360/Nova%20YouTube.user.js"}}