{"ts":1692036947269,"data":{"user_settings":"o{\"ad-skip-button\": \"on\",\"player-hide-elements\": \"on\",\"player_hide_elements\": [\"miniplayer_button\",\"logo_button\"],\"player-hotkeys-focused\": \"on\",\"disable-player-sleep-mode\": \"on\",\"player-indicator\": \"on\",\"player_indicator_type\": \"text-top\",\"player_indicator_opacity\": \"0.3\",\"theater-mode\": \"on\",\"page-title-time\": \"on\",\"page_title_time_mode\": \"left\",\"player-disable-fullscreen-scroll\": \"on\",\"time-remaining\": \"on\",\"time_remaining_mode\": \"time\",\"player-float-progress-bar\": \"on\",\"player_float_progress_bar_height\": \"3\",\"player_float_progress_bar_opacity\": \"0.7\",\"player_float_progress_bar_opacity_background\": \"0.7\",\"player-quick-buttons\": \"on\",\"player_buttons_custom_items\": [\"screenshot\",\"thumbnail\"],\"player_buttons_custom_screenshot\": \"png\",\"video-quality\": \"on\",\"video_quality\": \"hd1080\",\"video_quality_manual_save_in_tab\": \"on\",\"player-pin-scroll\": \"on\",\"player_float_scroll_size_ratio\": \"3.3\",\"player_float_scroll_position\": \"top-right\",\"rate-wheel\": \"on\",\"rate_default\": \"1\",\"rate_default_apply_music\": true,\"rate_step\": \"0.25\",\"rate_hotkey\": \"altKey\",\"rate_hotkey_custom_up\": \"]\",\"rate_hotkey_custom_down\": \"[\",\"disable-video-cards\": \"on\",\"thumbs-shorts-duration\": \"on\",\"thumbnails-watched\": \"on\",\"thumbnails_watched_frame_color\": \"#ff0000\",\"miniplayer-disable\": \"on\",\"channel-trailer-stop-preload\": \"on\",\"thumbnails-title-normalize\": \"on\",\"thumbnails_title_normalize_smart_max_words\": \"2\",\"shorts-redirect\": \"on\",\"channel-default-tab\": \"on\",\"channel_default_tab\": \"videos\",\"sidebar-channel-links-patch\": \"on\",\"playlist-toggle-autoplay\": \"on\",\"playlist_autoplay\": true,\"playlist-duration\": \"on\",\"playlist_duration_progress_type\": false,\"description-timestamps-scroll\": \"on\",\"redirect-disable\": \"on\",\"details-buttons\": \"on\",\"details_button_no_labels_opacity\": \"0\",\"details_buttons_hide\": [\"clip\",\"download\",\"thanks\",\"report\"],\"search_query_sort\": false,\"search_query_date\": false,\"user-api-key\": \"\",\"lang_code\": \"en\"}"}}