{"ts":1667431666941,"data":{"user_settings":"o{\"ad-skip-button\": \"on\",\"player-indicator\": \"on\",\"player_indicator_type\": \"text-top\",\"video-quality\": \"on\",\"video_quality\": \"hd1080\",\"video_quality_manual_save_in_tab\": \"on\",\"theater-mode\": \"on\",\"player_full_viewport_mode\": \"undefined\",\"player-hotkeys-focused\": \"on\",\"player-pin-scroll\": \"on\",\"player_float_scroll_size_ratio\": \"3.3\",\"player_float_scroll_position\": \"top-right\",\"player_float_scroll_sensivity_range\": \"60\",\"time-remaining\": \"on\",\"time_remaining_mode\": \"time\",\"player-float-progress-bar\": \"on\",\"player_float_progress_bar_height\": \"3\",\"player_float_progress_bar_opacity\": \"0.7\",\"disable-player-sleep-mode\": \"on\",\"player-loop\": \"on\",\"player-buttons-custom\": \"on\",\"player_buttons_custom_items\": \"thumbnail\",\"player-disable-fullscreen-scroll\": \"on\",\"thumbnails-title-normalize\": \"on\",\"thumbnails_title_normalize_smart_max_words\": \"2\",\"thumbnails-watched\": \"on\",\"thumbnails_watched_frame_color\": \"#ff0000\",\"channel-default-tab\": \"on\",\"channel_default_tab\": \"videos\",\"channel_default_tab_mode\": \"undefined\",\"page-title-time\": \"on\",\"page_title_time_mode\": \"left\",\"scroll-to-top\": \"on\",\"shorts-redirect\": \"on\",\"shorts_thumbnails_time\": \"on\",\"channel-trailer-stop-preload\": \"on\",\"playlist-toggle-autoplay\": \"on\",\"playlist_autoplay\": \"true\",\"playlist-duration\": \"on\",\"playlist_duration_progress_type\": \"false\",\"description-timestamps-scroll\": \"on\",\"redirect-disable\": \"on\",\"search_query_sort\": \"false\",\"search_query_date\": \"false\",\"user-api-key\": \"\",\"lang_code\": \"en\"}"}}