{"ts":1718940661612,"data":{"user_settings":"o{\"shorts-redirect\": \"on\",\"video-rate\": \"on\",\"rate_default\": \"1\",\"rate_hotkey\": \"altKey\",\"rate_step\": \"0.25\",\"rate_max\": \"5\",\"volume_step\": \"10\",\"player-pin-scroll\": \"on\",\"player_float_scroll_size_ratio\": \"3.3\",\"player_float_scroll_position\": \"top-right\",\"video-quality\": \"on\",\"video_quality\": \"hd1080\",\"video_quality_manual_save_in_tab\": \"on\",\"video_quality_for_music\": \"medium\",\"video_quality_for_fullscreen\": \"hd1080\",\"video-unblock-warn-content\": \"on\",\"player-disable-fullscreen-scroll\": \"on\",\"theater-mode\": \"on\",\"player-indicator\": \"on\",\"player_indicator_type\": \"text-top\",\"player_indicator_opacity\": \"0.3\",\"disable-player-sleep-mode\": \"on\",\"zoom_hotkey_custom_in\": \"+\",\"zoom_hotkey_custom_out\": \"-\",\"player-loop\": \"on\",\"player-live-duration\": \"on\",\"player-hide-elements\": \"on\",\"player_hide_elements\": [\"cast_button\",\"miniplayer_button\",\"logo_button\"],\"player-hotkeys-focused\": \"on\",\"player-float-progress-bar\": \"on\",\"player_float_progress_bar_height\": \"3\",\"player_float_progress_bar_opacity\": \"0.7\",\"player-quick-buttons\": \"on\",\"player_buttons_custom_items\": [\"screenshot\",\"thumbnail\"],\"player_buttons_custom_screenshot\": \"png\",\"player_buttons_custom_screenshot_to_clipboard\": \"on\",\"player_buttons_custom_screenshot_subtitle_color\": \"#ffffff\",\"player_buttons_custom_screenshot_subtitle_shadow_color\": \"#000000\",\"save-channel-state\": \"on\",\"time-remaining\": \"on\",\"time_remaining_format\": \"left*speed\",\"time_remaining_position\": \"player\",\"download-video\": \"on\",\"download_video_mode\": \"cobalt\",\"page-title-time\": \"on\",\"page_title_time_mode\": \"left\",\"scrollbar-hide\": \"on\",\"scrollbar_hide_toggle_on_scroll\": \"on\",\"channel-default-tab\": \"on\",\"channel_default_tab\": \"videos\",\"rss-link\": \"on\",\"channel-trailer-stop-preload\": \"on\",\"default-miniplayer-disable\": \"on\",\"pages-clear\": \"on\",\"scroll-to-top\": \"on\",\"scroll_to_top_smooth\": \"on\",\"redirect-disable\": \"on\",\"description-timestamps-scroll\": \"on\",\"return-dislike\": \"on\",\"comments-visibility\": \"on\",\"comments_visibility_mode\": \"hide\",\"playlist-duration\": \"on\",\"playlist_duration_progress_type\": false,\"playlist-toggle-autoplay\": \"on\",\"playlist_autoplay\": true,\"sidebar-thumbs-channel-link-patch\": \"on\",\"header-compact\": \"on\",\"search_query_sort\": false,\"search_query_date\": false,\"user-api-key\": \"\",\"lang_code\": \"en\"}"}}