{"ts":1702310525459,"data":{"user_settings":"o{\"shorts-redirect\": \"on\",\"player-hide-elements\": \"on\",\"player_hide_elements\": [\"miniplayer_button\",\"logo_button\"],\"player-hotkeys-focused\": \"on\",\"disable-player-sleep-mode\": \"on\",\"player-indicator\": \"on\",\"player_indicator_type\": \"text-top\",\"player_indicator_opacity\": \"0.3\",\"theater-mode\": \"on\",\"page-title-time\": \"on\",\"page_title_time_mode\": \"left\",\"player-disable-fullscreen-scroll\": \"on\",\"time-remaining\": \"on\",\"time_remaining_mode\": \"time\",\"player-float-progress-bar\": \"on\",\"player_float_progress_bar_height\": \"3\",\"player_float_progress_bar_opacity\": \"0.7\",\"player-quick-buttons\": \"on\",\"player_buttons_custom_items\": [\"screenshot\",\"thumbnail\"],\"player_buttons_custom_screenshot\": \"png\",\"video-quality\": \"on\",\"video_quality\": \"hd1080\",\"video_quality_manual_save_in_tab\": \"on\",\"player-pin-scroll\": \"on\",\"player_float_scroll_size_ratio\": \"3.3\",\"player_float_scroll_position\": \"top-right\",\"video-rate\": \"on\",\"rate_default\": \"1\",\"rate_step\": \"0.25\",\"rate_hotkey\": \"altKey\",\"pages-clear\": \"on\",\"thumbnails-watched\": \"on\",\"thumbnails_watched_frame_color\": \"#ff0000\",\"default-miniplayer-disable\": \"on\",\"channel-trailer-stop-preload\": \"on\",\"channel-default-tab\": \"on\",\"channel_default_tab\": \"videos\",\"channel_default_tab_mode\": \"redirect\",\"sidebar-thumbs-channel-link-patch\": \"on\",\"playlist-toggle-autoplay\": \"on\",\"playlist_autoplay\": true,\"playlist-duration\": \"on\",\"playlist_duration_progress_type\": false,\"description-timestamps-scroll\": \"on\",\"redirect-disable\": \"on\",\"details-buttons\": \"on\",\"details_buttons_opacity\": \"0\",\"details_buttons_hide\": [\"clip\",\"download\",\"thanks\",\"report\"],\"search_query_sort\": false,\"search_query_date\": false,\"user-api-key\": \"\",\"lang_code\": \"en\"}"}}