{"options":{"check_for_updates":true,"comment":null,"compat_foreach":false,"compat_metadata":false,"compat_powerful_this":null,"compat_wrappedjsobject":false,"compatopts_for_requires":true,"noframes":null,"override":{"merge_connects":true,"merge_excludes":true,"merge_includes":true,"merge_matches":true,"orig_connects":["youtube.com"],"orig_excludes":["http*://*.youtube.com/*.xml*","http*://*.youtube.com/error*","http*://music.youtube.com/*","http*://accounts.youtube.com/*","http*://studio.youtube.com/*","http*://*.youtube.com/redirect?*","http*://*.youtubetranscript.com/*"],"orig_includes":["http*://www.youtube.com/*","http*://m.youtube.com/*","http*://www.youtube-nocookie.com/embed/*","http*://youtube.googleapis.com/embed/*","http*://raingart.github.io/options.html*","http*://raingart.github.io/nova/*"],"orig_matches":[],"orig_noframes":null,"orig_run_at":"document-start","use_blockers":[],"use_connects":[],"use_excludes":[],"use_includes":[],"use_matches":[]},"run_at":null,"sandbox":null,"tab_types":null,"unwrap":null,"user_modified":null},"settings":{"enabled":false,"position":7},"meta":{"name":"Nova YouTube","uuid":"2008ce42-1cac-4016-8c5c-d41d66c2585a","modified":1723141156615,"file_url":"https://gist.github.com/raingart/d734dd35f7090e9824df15f52c36f8a0/raw/a6708de79050d62650753d05ccce0a61cbbda118/nova-dev.user.js"}}