{"ts":1718318699849,"data":{"OneeChan.Allow Wrapping Around OP":"sfalse","OneeChan.Autohide Style":"n1","OneeChan.Backlink Font Size":"n9","OneeChan.Backlink Icons":"sfalse","OneeChan.Backlinks on Bottom":"sfalse","OneeChan.Bitmap Font":"sfalse","OneeChan.Borders":"n2","OneeChan.Custom Decoration Width":"n0","OneeChan.Custom Left Margin":"n0","OneeChan.Custom Right Margin":"n240","OneeChan.Disable In Catalog View":"sfalse","OneeChan.Expanding Form Inputs":"strue","OneeChan.Fit Width":"strue","OneeChan.Font Family":"s\"sans-serif\"","OneeChan.Font Size":"n13","OneeChan.Force QR to Sidebar Size":"sfalse","OneeChan.Grayscale Mascots":"sfalse","OneeChan.Hidden Mascots":"s[50]","OneeChan.Hidden Themes":"s[]","OneeChan.Hide Mascots in Catalog":"sfalse","OneeChan.Highlight (OP) quotes":"sfalse","OneeChan.Highlight (You) quotes":"sfalse","OneeChan.Highlight Current Board":"strue","OneeChan.Indent OP":"strue","OneeChan.Justified Text":"sfalse","OneeChan.Left Margin":"n5","OneeChan.Margin Between Replies":"s\"\"","OneeChan.Mascots":"s[{\"img\":\"https://onee.moe/i/Sakamoto-san.png\",\"flip\":false,\"maxwidth\":false,\"offset\":0,\"hoffset\":15,\"name\":\"Sakamoto-san\",\"width\":\"auto\",\"height\":\"auto\"}]","OneeChan.Mascots Overlap Posts":"sfalse","OneeChan.Minimal Sidebar":"strue","OneeChan.NSFW Theme":"n0","OneeChan.OP Background":"sfalse","OneeChan.Post Decoration Style":"n0","OneeChan.Post Decoration Width":"n1","OneeChan.Post Highlight Style":"s\"solid\"","OneeChan.Post Message Margin":"n2","OneeChan.Recolor Even Replies":"sfalse","OneeChan.Reduce Ad Opacity":"sfalse","OneeChan.Reduce Banner Opacity":"strue","OneeChan.Reduce Mascot Opacity":"sfalse","OneeChan.Reduce Thumbnail Opacity":"sfalse","OneeChan.Remove Background":"sfalse","OneeChan.Remove Controls":"sfalse","OneeChan.Right Margin":"n5","OneeChan.Rounded Corners":"strue","OneeChan.SS-like Sidebar":"sfalse","OneeChan.Selected Mascots":"s[]","OneeChan.Selected Theme":"n0","OneeChan.Show 4chan Ads":"sfalse","OneeChan.Show Background":"strue","OneeChan.Show Banner":"strue","OneeChan.Show Blotter":"strue","OneeChan.Show Board Banners":"strue","OneeChan.Show Board Name":"strue","OneeChan.Show Bottom Ad":"strue","OneeChan.Show Bottom Links":"strue","OneeChan.Show Checkboxes":"sfalse","OneeChan.Show File Info":"strue","OneeChan.Show Header Background Gradient":"strue","OneeChan.Show Header Shadow":"strue","OneeChan.Show Middle Ad":"strue","OneeChan.Show Navigation Links":"strue","OneeChan.Show Post Info On Hover":"sfalse","OneeChan.Show Previous/Next buttons":"sfalse","OneeChan.Show Reply Header":"strue","OneeChan.Show Reply to Thread Button":"strue","OneeChan.Show Top Ad":"strue","OneeChan.Show Top Links":"strue","OneeChan.Sidebar Position":"n1","OneeChan.Style Thread Stats":"sfalse","OneeChan.Themes":"s[]","OneeChan.Total Mascots":"n63","OneeChan.Total Themes":"n31","OneeChan.Transparent QR":"sfalse","OneeChan.Underline All Links":"sfalse","OneeChan.Underline QuoteLinks":"sfalse","OneeChan.Unified Thumbnail Size":"sfalse","OneeChan.VERSION":"s\"5.9.3\"","OneeChan.Version Fix":"n1"}}