{"options":{"check_for_updates":true,"comment":null,"compat_foreach":false,"compat_metadata":false,"compat_powerful_this":null,"compat_prototypes":false,"compat_wrappedjsobject":false,"compatopts_for_requires":true,"noframes":null,"override":{"merge_connects":true,"merge_excludes":true,"merge_includes":true,"merge_matches":true,"orig_connects":[],"orig_excludes":[],"orig_includes":[],"orig_matches":["https://www.youtube.com/*","https://youtube.com/*"],"orig_noframes":null,"orig_run_at":"document-idle","use_blockers":[],"use_connects":[],"use_excludes":[],"use_includes":[],"use_matches":[]},"run_at":null,"tab_types":null},"settings":{"enabled":false,"position":13},"meta":{"name":"Precise video playback (YouTube)","uuid":"bea56e79-4df3-41cf-81c6-05b0f4829416","modified":1620887765920,"file_url":"https://greasyfork.org/scripts/400569-precise-video-playback-youtube/code/Precise%20video%20playback%20(YouTube).user.js"}}