{"options":{"check_for_updates":true,"comment":null,"compat_foreach":false,"compat_metadata":false,"compat_powerful_this":null,"compat_wrappedjsobject":false,"compatopts_for_requires":true,"noframes":null,"override":{"merge_connects":true,"merge_excludes":true,"merge_includes":true,"merge_matches":true,"orig_connects":[],"orig_excludes":[],"orig_includes":[],"orig_matches":["https://www.youtube.com/*","https://www.youtube-nocookie.com/*","https://m.youtube.com/*","https://music.youtube.com/*"],"orig_noframes":null,"orig_run_at":"document-start","use_blockers":[],"use_connects":[],"use_excludes":[],"use_includes":[],"use_matches":[]},"run_at":null,"sandbox":null,"tab_types":null,"unwrap":null,"user_modified":null},"settings":{"enabled":true,"position":13},"meta":{"name":"Simple YouTube Age Restriction Bypass","uuid":"b6822a1f-7002-4b10-a2e8-f15efb18f452","modified":1701225892396,"file_url":"https://update.greasyfork.org/scripts/423851/Simple%20YouTube%20Age%20Restriction%20Bypass.user.js"}}