{"configMode":100,"enabled":true,"external_update_interval":604800000,"favicon_service":"duckduckgo","layout":"default","layout_user_css":"","notification_showUpdate":"changelog","reset_sync":null,"run_sync":null,"script_blacklist_server":[{"rules":["/https?:\\/\\/userscripts\\.org\\/scripts\\/(source|version)/(102614).*\\.user\\.js/"],"severity":2},{"name":"SaveFrom.net helper","reason":"Shows advertisements","rules":["/https?:\\/\\/sf-addon\\.com\\/.*\\/.*\\.user\\.js/","/https?:\\/\\/.*\\.sf-helper\\.com\\/.*\\.user\\.js/"],"severity":3},{"reasons":{"en":"Used for a phishing compain to compromise users of baon-nutrition.com"},"rules":["/https?:\\/\\/files\\.ulysse\\.travel\\/.*\\.user\\.js/"],"severity":8}],"statistics_enabled":false,"sync_enabled":true,"sync_type":"2","userscript_search_mode":"click"}