{"options":{"check_for_updates":true,"comment":null,"compat_foreach":false,"compat_metadata":false,"compat_powerful_this":null,"compat_wrappedjsobject":false,"compatopts_for_requires":true,"noframes":null,"override":{"merge_connects":true,"merge_excludes":true,"merge_includes":true,"merge_matches":true,"orig_connects":[],"orig_excludes":[],"orig_includes":["*://*.twitch.tv/*"],"orig_matches":[],"orig_noframes":null,"orig_run_at":"document-start","use_blockers":[],"use_connects":[],"use_excludes":[],"use_includes":[],"use_matches":[]},"run_at":null,"sandbox":null,"tab_types":null,"unwrap":null,"user_modified":null},"settings":{"enabled":false,"position":14},"meta":{"name":"Twitch-Auto-Max-Quality","uuid":"0d3d133b-fe27-4e73-819b-c011a61faf44","modified":1679604412650,"file_url":"https://raw.githubusercontent.com/nomomo/Twitch-Auto-Max-Quality/master/Twitch-Auto-Max-Quality.user.js"}}