{"options":{"check_for_updates":true,"comment":null,"compat_foreach":false,"compat_metadata":false,"compat_powerful_this":null,"compat_wrappedjsobject":false,"compatopts_for_requires":true,"noframes":null,"override":{"merge_connects":true,"merge_excludes":true,"merge_includes":true,"merge_matches":true,"orig_connects":[],"orig_excludes":["https://www.youtube.com/live_chat*","https://www.youtube.com/live_chat_replay*","/^https?://\\S+\\.(txt|png|jpg|jpeg|gif|xml|svg|manifest|log|ini)[^\\/]*$/"],"orig_includes":[],"orig_matches":["https://www.youtube.com/*","https://www.youtube.com/embed/*","https://www.youtube-nocookie.com/embed/*"],"orig_noframes":null,"orig_run_at":"document-start","use_blockers":[],"use_connects":[],"use_excludes":[],"use_includes":[],"use_matches":[]},"run_at":null,"sandbox":null,"tab_types":null,"unwrap":true,"user_modified":null},"settings":{"enabled":true,"position":25},"meta":{"name":"Use YouTube AV1","uuid":"1635eaa7-e9ac-4458-8784-71eb124e00b8","modified":1725384564908,"file_url":"https://update.greasyfork.org/scripts/466127/Use%20YouTube%20AV1.user.js"}}