{"options":{"check_for_updates":true,"comment":null,"compat_foreach":false,"compat_metadata":false,"compat_powerful_this":null,"compat_wrappedjsobject":false,"compatopts_for_requires":true,"noframes":null,"override":{"merge_connects":true,"merge_excludes":true,"merge_includes":true,"merge_matches":true,"orig_connects":[],"orig_excludes":["http*://www.nerfnow.com/*/comments*","http*://nerfnow.com/*/comments*","http*://www.gocomics.com/","http*://www.gocomics.com/?*","http*://www.reddit.com/*/comments/*","http*://old.lu.scio.us/hentai/albums/*/page/*"],"orig_includes":["http*://www.sluggy.com/*","http*://sluggy.com/*","http*://www.penny-arcade.com/comic*","http*://penny-arcade.com/comic*","http*://www.xkcd.com/*","http*://xkcd.com/*","http*://www.xkcd.org/*","http*://xkcd.org/*","http*://www.xkcd.net/*","http*://xkcd.net/*","http*://www.xkcd.com/*","http*://xkcd.com/*","http*://www.giantitp.com/*","http*://www.dilbert.com/strip/*","http*://dilbert.com/strip/*","http*://hf.dilbert.com/strip/*","http*://www.explosm.net/*","http*://explosm.net/*","http*://www.nuklearpower.com/*","http*://www.reallifecomics.com/*","http*://reallifecomics.com/*","http*://www.pvponline.com/*","http*://pvponline.com/*","http*://www.brawlinthefamily.com/*","http*://drmcninja.com/*","http*://www.vgcats.com/*/*","http*://www.phdcomics.com/*","http*://www.cad-comic.com/*","http*://www.smbc-comics.com/*","http*://abstrusegoose.com/*","http*://thedoghousediaries.com/*","http*://www.erfworld.com/*","http*://es.juanelo.net/*/*","http*://www.mangastream.com/*","http*://mangastream.com/*","http*://readms.com/*","http*://www.qwantz.com/*","http*://qwantz.com/*","http*://www.2pstart.com/*/*","http*://www.spaceavalanche.com/*","http*://www.gunshowcomic.com/*","http*://gunshowcomic.com/*","http*://www.terrorisland.net/*","http*://nedroid.com/*","http*://manga.animea.net/*","http*://www.bobandgeorge.com/*","http*://bobandgeorge.com/*","http*://www.shamusyoung.com/*","http*://www.stationv3.com/*","http*://www.lfgcomic.com/page/*","http*://lfgcomic.com/page/*","http*://www.gpf-comics.com/*","http*://www.questionablecontent.net/*","http*://questionablecontent.net/*","http*://miscellanea.wellingtongrey.net/*","http*://www.daisyowl.com/*","http*://daisyowl.com/*","http*://www.hyperdeathbabies.com/*","http*://www.kyo.cn/Viewcartoon/*","http*://www.mangatoshokan.com/*","http*://amultiverse.com/*","http*://wondermark.com/*","http*://www.amazingsuperpowers.com/*","http*://www.anymanga.com/*","http*://anymanga.com/*","http*://mangafox.me/*","http*://www.leasticoulddo.com/*","http*://leasticoulddo.com/*","http*://www.sinfest.net/*","http*://www.crfh.net/*","http*://crfh.net/*","http*://www.pennyandaggie.com/*","http*://pennyandaggie.com/*","http*://www.darkbolt.com/*","http*://darkbolt.com/*","http*://www.egscomics.com/*","http*://egscomics.com/*","http*://www.the-gutters.com/*","http*://www.punchanpie.net/*","http*://punchanpie.net/*","http*://noneedforbushido.com/*","http*://www.teahousecomic.com/*","http*://www.applegeeks.com/*","http*://applegeeks.com/*","http*://www.mangareader.net/*","http*://stoptazmo.com/*","http*://www.arcamax.com/*","http*://www.nettserier.no/*","http*://nettserier.no/*","http*://disneycomics.free.fr/*/show.php?*","http*://www.nerfnow.com/*","http*://nerfnow.com/*","http*://www.virtualshackles.com/*","http*://www.little-gamers.com/*","http*://www.digitalunrestcomic.com/*","http*://digitalunrestcomic.com/*","http*://www.duelinganalogs.com/*","http*://www.actiontrip.com/*","http*://actiontrip.com/*","http*://www.myextralife.com/*","http*://www.mondaynightcrew.com/*","http*://mondaynightcrew.com/*","http*://notinventedhe.re/*","http*://www.unshelved.com/*","http*s://www.eviscerati.org/comics*","http*://read.mangashare.com/*","http*://haven-reader.net/*","http*://www.manga2u.me/*","http*://manga2u.me/*","http*://buttersafe.com/*","http*://www.romanticallyapocalyptic.com/*","http*://romanticallyapocalyptic.com/*","http*://www.somethingpositive.net/*","http*://somethingpositive.net/*","http*://www.rhymes-with-witch.com/*","http*://rhymes-with-witch.com/*","http*://www.superstupor.com/*","http*://superstupor.com/*","http*://www.misfile.com/*","http*://www.asofterworld.com/*","http*://asofterworld.com/*","http*://www.achewood.com/*","http*://achewood.com/*","http*://www.act-i-vate.com/*","http*://act-i-vate.com/*","http*://www.biggercheese.com/*","http*://biggercheese.com/*","http*://www.gwscomic.com/*","http*://gwscomic.com/*","http*://www.fonflatter.de/*","http*://www.ruthe.de/*","http*://ruthe.de/*","http*://www.daybydaycartoon.com/*","http*://daybydaycartoon.com/*","http*://www.dieselsweeties.com/*","http*://dieselsweeties.com/*","http*://www.foxtrot.com/*","http*://www.csectioncomics.com/*","http*://garfieldminusgarfield.net/*","http*://www.girlgeniusonline.com/*","http*://www.gocomics.com/*","http*://www.gunnerkrigg.com/*","http*://gunnerkrigg.com/*","http*://www.ho-lo.co.il/*","http*://www.jeffzugale.com/*","http*://www.threepanelsoul.com/*","http*://threepanelsoul.com/*","http*://www.oglaf.com/*","http*://oglaf.com/*","http*://www.kevinandkell.com/*","http*://kevinandkell.com/*","http*://kittyhawkcomic.com/*","http*://www.lackadaisycats.com/comic.php*","http*://lackadaisycats.com/comic.php*","http*://www.lukesurl.com/*","http*://mycardboardlife.com/*","http*://megatokyo.com/*","http*://www.megatokyo.it/*","http*://www.megatokyo.de/*","http*://ex2.unixmanga.net/*","http*://allmymanga.com/*","http*://noreasoncomics.com/*","http*://www.pixelcomic.net/*","http*://pixelcomic.net/*","http*://www.redmeat.com/*","http*://redmeat.com/*","http*://sexylosers.com/*","http*://www.doonesbury.com/*","http*://stalebacon.com/*","http*://www.mangaeden.com/*","http*://www.pbfcomics.com/*","http*://tjandamal.com/*","http*://sfeertheory.littlefoolery.com/*","http*://wanderingones.com/*","http*://www.big-big-truck.com/ayiw/*","http*://big-big-truck.com/ayiw/*","http*://wapsisquare.com/*","http*://www.wastedtalent.ca/*","http*://www.wulffmorgenthaler.com/*","http*://wulffmorgenthaler.com/*","http*://www.weregeek.com/*","http*://*.katbox.net/*","http*://*.keenspace.com/*","http*://*.comicgenesis.com/*","http*://www.beanleafpress.com/*","http*://gipcomic.com/*","http*://www.theoswaldchronicles.com/*","http*://www.awkwardzombie.com/*","http*://awkwardzombie.com/*","http*://www.stainedglasssamurai.com/*","http*://stainedglasssamurai.com/*","http*://*.seraph-inn.com/*","http*s://www.fakku.net/manga/*","http*s://www.fakku.net/doujinshi/*","http*://www.deadwinter.cc/*","http*://deadwinter.cc/*","http*://www.loveisintheblood.com/*","http*://rhapsodies.wpmorse.com/*","http*://www.piratesofmars.com/*","http*://www.soulless-comic.com/*","http*://www.earthsongsaga.com/vol*","http*://rainchildstudios.com/strawberry/*","http*://www.goblinscomic.org/*","http*://www.venusenvycomic.com/*","http*://venusenvycomic.com/*","http*://www.meekcomic.com/*","http*://www.dominic-deegan.com/*","http*://dominic-deegan.com/*","http*://yafgc.net/*","http*://www.sdamned.com/*","http*://www.twolumps.net/*","http*://twolumps.net/*","http*://www.precociouscomic.com/*","http*://precociouscomic.com/*","http*://betweenplaces.spiderforest.com/*","http*://specialschool.spiderforest.com/*","http*://requiem.spiderforest.com/*","http*://sevensmith.net/chirault/*","http*://www.junglestudio.com/roza/*","http*://www.dream-scar.net/*","http*://dream-scar.net/*","http*://www.tryinghuman.com/*","http*://tryinghuman.com/*","http*://www.thedreamercomic.com/*","http*://thedreamercomic.com/","http*://www.shazzbaa.com/*","http*://shazzbaa.com/*","http*://www.sandraandwoo.com/*","http*://www.freakangels.com/*","http*://comics.com/*","http*://www.sakanacomic.com/*","http*://www.jaygeefisher.com/*","http*://jaygeefisher.com/*","http*://www.doujin-moe.us/*","http*://keychain.patternspider.net/*","http*://www.collectedcurios.com/*","http*://www.doomies.com/*","http*://doomies.com/*","http*://www.qgmindpolice.com/*","http*://www.slowwave.com/*","http*://slowwave.com/*","http*://www.sylvanmigdal.com/*","http*://sylvanmigdal.com/*","http*://www.c.urvy.org/*","http*://c.urvy.org/*","http*://www.the-artiste.net/*","http*://www.doublefine.com/*","http*://wwww.survivingtheworld.net/*","http*://survivingtheworld.net/*","http*://view.thespectrum.net/*","http*://www.mangavolume.com/*","http*://nonadventures.com/*","http*://www.robandelliot.cycomics.com/*","http*://robandelliot.cycomics.com/*","http*://soulsymphonycomic.com/*","http*://www.blastwave-comic.com/*","http*://www.channelate.com/*","http*://www.picturesforsadchildren.com/*","http*://picturesforsadchildren.com/*","http*://www.optipess.com/*","http*://www.drawuntilitsfunny.com/*","http*://beardfluff.com/*","http*://lawlscomic.com/*","http*://www.maakies.com/*","http*://www.lefthandedtoons.com/*","http*://trollscience.com/*","http*://www.diggercomic.com/*","http*://luciphurrsimps.com/*","http*://nikkisprite.com/*","http*://planet-nowhere.com/*","http*://www.mysisterthefreak.com/*","http*://www.gronkcomic.com/*","http*://www.redsplanet.com/*","http*://www.cowshell.com/*","http*://everblue-comic.com/*","http*://tmkcomic.depleti.com/*","http*://www.remindblog.com/*","http*://inkdolls.com/*","http*://www.terra-comic.com/*","http*://lovecraftismissing.com/*","http*://www.redmoonrising.org/*","http*://www.khaoskomix.com/*","http*://ipaintgirls.com/*","http*://memoria.valice.net/*","http*://www.twilightlady.com/*","http*://submanga.com/*","http*://g.e-hentai.org/*","http*://animesquish.com/*","http*://crazytje.be/*","http*://www.tenmangas.com/*","http*://tenmangas.com/*","http*://www.tenmanga.com/*","http*://tenmanga.com/*","http*://www.perveden.com/*","http*://reader.imangascans.org/*","http*://www.ekkifu.com/*","http*://www.bittersweetcandybowl.com/*","http*://www.doujintoshokan.com/*","http*://www.imagebam.com/*","http*://www.exploitationnow.com/*","http*://www.otakuworks.com/*","http*://h-manga.info/*","http*://basicinstructions.net/*","http*://www.insaneyetisquirrel.com/*","http*://*.kukudm.com/comiclist/*/*/*","http*://*.kukudm.net/comiclist/*/*/*","http*://mh.socomic.com/comiclist/*/*/*","http*://www.socomic.net/comiclist/*/*/*","http*://www.webcomicsnation.com/*","http*://www.pawn.se/*","http*://www.rpgworldcomic.com/*","http*://rpgworldcomic.com/*","http*://maskedretriever.com/*","http*://www.missmab.com/*","http*://www.lookwhatibroughthome.com/*","http*://hijinksensue.com/*","http*://www.darthsanddroids.net/*","http*://darthsanddroids.net/*","http*://www.harkavagrant.com/*","http*://www.turbosloth.net/*","http*://turbosloth.net/*","http*://www.walkinginsquares.com/*","http*://walkinginsquares.com/*","http*://dresdencodak.com/*","http*://www.straysonline.com/comic/*","http*://straysonline.com/comic/*","http*://www.emi-art.com/*","http*://emi-art.com/*","http*://www.dragonball-multiverse.com/*","http*://insanesoft.org/fanfyria/*","http*://*.snafu-comics.com/*","http*://www.wayfarersmoon.com/*","http*://wayfarersmoon.com/*","http*://*.smackjeeves.com/*","http*://www.10kcommotion.com/*","http*://10kcommotion.com/*","http*://somemangas.com/*","http*://www.multiplexcomic.com/*","http*://multiplexcomic.com/*","http*://www.johnandjohn.nl/index.php?*wltypeid=1*","http*://www.sorcery101.net/*","http*://www.treadingground.com/*","http*://www.jerkcity.com/*","http*://jerkcity.com/*","http*://www.kiwiblitz.com/*","http*://thepunchlineismachismo.com/*","http*://kafkaskoffee.com/*","http*://www.out-at-home.com/*","http*://occasionalcomics.com/*","http*://www.zombieboycomics.com/*","http*://www.babyblues.com/*","http*://babyblues.com/*","http*://www.bearandtiger.com/*","http*://mangatopia.net/*","http**://exhentai.org/*","http*://www.wigucomics.com/*","http*://www.mankin-trad.net/*","http*://mankin-trad.net/*","http*://www.mangahere.co/*","http*://es.mangahere.co/*","http*://www.scarygoround.com/*","http*://scarygoround.com/*","http*://www.schlockmercenary.com/*","http*://www.warehousecomic.com/*","http*://warehousecomic.com/*","http*://www.tnemrot.com/*","http*://www.holiday-wars.com/*","http*://www.zapcomic.com/*","http*://www.twokinds.net/*","http*://twokinds.net/*","http*://www.dumbingofage.com/*","http*://www.shortpacked.com/*","http*://www.itswalky.com/*","http*://itswalky.com/*","http*://www.evildivacomics.com/*","http*://axecop.com/*","http*://www.somethingofthatilk.com/*","http*://somethingofthatilk.com/*","http*://www.reddit.com/","http*://www.reddit.com/?*","http*://www.reddit.com/r/*","http*://blankitcomics.com/*","http*://www.anime-source.com/*","http*://anime-source.com/*","http*://www.mangarush.com/*","http*://www.citymanga.com/*/*/*","http*://citymanga.com/*/*/*","http*://www.dctp.ws/*/V*.html","http*://dctp.ws/*/V*.html","http*://dctpws.thetrogdor.com/*","http*://doctorcatmd.com/*","http*://www.sheldoncomics.com/*","http*://sheldoncomics.com/*","http*://luscious.net/*/pictures/*","http*://old.lu.scio.us/hentai/albums/*","http*://www.geekculture.com/joyoftech/*","http*://www.basketcasecomix.com/*","http*://www.geeklifecomic.com/*","http*://www.realmofatland.com/*","http*://realmofatland.com/*","http*://thedoujin.com/index.php?page=post&s=view&id=*","http*://eatmanga.com/*","http*://www.oslevadosdabreca.com/*","http*://www.thedevilbear.com/*","http*://thedevilbear.com/*","http*://www.bladebunny.com/*","http*://www.exiern.com/*","http*://nsfw-comix.com/*","http*://jaynaylor.com/*","http*://www.anelnoath.com/*","http*://www.faans.com/*","http*://www.truefork.org/*","http*://truefork.org/*","http*://www.aorange.com/*","http*://www.strangecandy.net/*","http*://www.thewotch.com/*","http*://thewotch.com/*","http*://www.cheercomic.com/*","http*://cheercomic.com/*","http*://www.sgvy.com/*","http*://sgvy.com/*","http*://www.drunkduck.com/*","http*://drunkduck.com/*","http*://www.ephralon.de/seekers_detailed.php*","http*://ephralon.de/seekers_detailed.php*","http*://www.terinu.com/*","http*://terinu.com/*","http*://dcisgoingtohell.com/*","http*://las-historietas.blogspot.com/*","http*://www.palcomix.com/*","http*://palcomix.com/*","http*://www.palcomix.org/*","http*://palcomix.org/*","http*://www.whiteninjacomics.com/*","http*://whiteninjacomics.com/*","http*://www.apenotmonkey.com/*","http*://malandchad.com/*","http*://www.goodmanga.net/*","http*://www.digitalcomicmuseum.com/*","http*://digitalcomicmuseum.com/*","http*://goldenagecomics.co.uk/*","http*://fourcolorshadows.blogspot.com/*","http*://thehorrorsofitall.blogspot.com/*","http*://bato.to/*","http*://www.eegra.com/*","http*://www.octopuspie.com/*","http*://www.lovemenicecomic.com/*","http*://www.manga-access.com/*","http*://manga-access.com/*","http*://www.ju-ni.net/*","http*://ju-ni.net/*","http*://blog.saveapathea.com/*","http*://www.dead-philosophers.com/*","http*://www.nerd-theater.com/*","http*://nerd-theater.com/*","http*://lackadaisy.foxprints.com/comic.php*","http*://www.mangastream.to/*","http*://www.kingfeatures.com/*","http*://kingfeatures.com/*","http*://www.thezombiehunters.com/*","http*://thezombiehunters.com/*","http*://www.bugcomic.com/*","http*://www.interrobangstudios.com/*","http*://interrobangstudios.com/*","http*://www.hlcomic.com/*","http*://hlcomic.com/*","http*://syacartoonist.com/*","http*://satwcomic.com/*","http*://stupidfox.net/*","http*://www.casualvillain.com/*","http*://fanboys-online.com/*","http*://www.girlswithslingshots.com/*","http*://www.mntgaiden.com/*","http*://truyen.vnsharing.net/*","http*://lovehentaimanga.com/*","http*://ravensdojo.com/*","http*://freefall.purrsia.com/*","http*://www.mangachapter.net/*","http*://www.shd-wk.com/*","http*://shd-wk.com/*","http*://www.pepsaga.com/*","http*://slimythief.com/*","http*://www.pebbleversion.com/*","http*://pebbleversion.com/*","http*://mentalcatproductions.com/*","http*://schoolbites.net/*","http*://www.accurseddragon.com/*","http*://www.krakowstudios.com/*","http*://www.stringtheorycomic.com/*","http*://www.supercrash.net/*","http*://loveandcapes.com/*","http*://victorycomic.comicgenesis.com/*","http*://magellanverse.com/*","http*://www.evil-comic.com/*","http*://flakypastry.runningwithpencils.com/*","http*://www.pointguardian.com/*","http*://gogetaroomie.chloe-art.com/*","http*://legendofbill.com/*","http*://www.springiette.net/*","http*://springiette.net/*","http*://www.vampirecheerleaders.net/*","http*://www.paranormalmysterysquad.com/*","http*://www.draculaeverlasting.com/*","http*://www.amazingagentjennifer.com/*","http*://mindmistress.comicgenesis.com/*","http*://www.evernightcomic.com/*","http*://www.xindm.cn/*","http*://mh2.xindm.cn/*","http*://www.manga123.com/read/*","http*://manga.redhawkscans.com/*","http*://www.mudascantrad.com/*","http*://slide.extrascans.net/*","http*://*.thewebcomic.com/*","http*://www.mangapark.com/*","http*://mangapark.com/*","http*://www.manga-go.com/*","http*://www.comicstriplibrary.org/display/*","http*://comicstriplibrary.org/display/*","http*://www.wirepop.com/*","http*://wirepop.com/*","http*://www.fantasyrealmsonline.com/manga/*","http*://foolrulez.org/*","http*://reader.japanzai.com/*","http*://www.psychopandas.com/reader/*","http*://psychopandas.com/reader/*","http*://www.ourmanga.com/*","http*://readonline.egscans.org/*","http*://read.egscans.org/*","http*://reader.eternalmanga.net/*","http*://gallery.ryuutama.com/*","http*://*.tiraecol.net/*","http*://tiraecol.net/*","http*://www.conejofrustrado.com/*","http*://www.e2w-illustration.com/*","http*://2gamerz.com/*","http*://reader.fth-scans.com/*","http*://www.simple-scans.com/*","http*://simple-scans.com/*","http*://www.mymangaspot.com/*","http*://comic.naver.com/*","http*://www.peteristhewolf.com/*","http*://peteristhewolf.com/*","http*://www.wlpcomics.com/*","http*://wlpcomics.com/*","http*://www.mangatraders.com/*","http*://hentaifromhell.net/*","http*://trenchescomic.com/*","http*://www.sakicow.com/reader/*","http*://sakicow.com/reader/*","http*://www.goominet.com/unspeakable-vault/*","http*://www.doesnotplaywellwithothers.com/*","http*://krakowstudios.com/*","http*://www.aikoniacomic.com/*","http*://aikoniacomic.com/*","http*://www.grrlpowercomic.com/*","http*://www.poisonedminds.com/*","http*://poisonedminds.com/*","http*://nodwick.humor.gamespy.com/*","http*://www.the-whiteboard.com/*","http*://the-whiteboard.com/*","http*://www.mezzacotta.net/*","http*://www.hbrowse.com/*","http*://www.vexxarr.com/*","http*://vexxarr.com/*","http*://aptitude.surfacingpoint.com/*","http*://www.bardsworth.com/*","http*://fancyadventures.com/*","http*://www.chron.com/entertainment/comics-games/comic/*","http*://www.purplepussy.net/*","http*://purplepussy.net/*","http*://www.heroeslocales.com/bunsen/*","http*://www.readhentaionline.com/*","http*://readhentaionline.com/*","http*://www.darklegacycomics.com/*","http*://darklegacycomics.com/*","http*://candicomics.com/*","http*://www.buckocomic.com/*","http*://bearmageddon.com/*","http*://betweenfailures.net/*","http*://www.sisterclaire.com/*","http*://www.fayerwayer.com/*","http*://www.niubie.com/*","http*://www.awesomehospital.com/*","http*://ars.userfriendly.org/cartoons/*","http*://www.friendswithboys.com/*","http*://www.mangago.com/*","http*://www.jesusandmo.net/*","http*://www.calamitiesofnature.com/*","http*://www.rosalarian.com/*","http*://rosalarian.com/*","http*://dungeond.com/*","http*://www.irregularwebcomic.net/*","http*://adistantsoil.com/*","http*://comic.nodwick.com/*","http*://ffn.nodwick.com/*","http*://ps238.nodwick.com/*","http*://kronos.mcanime.net/*","http*://www.ghastlycomic.com/*","http*://thedevilspanties.com/*","http*://walkingdeadbr.com/*displayimage.php*","http*://www.mangapanda.com/*","http*://mangable.com/*","http*://dragonflyscans.org/*","http*://readincesthentai.com/*","http*://www.animephile.com/*","http*://hentaistreamer.com/*","http*://kissmanga.com/*","http*://www.readmangahentai.com/*","http*://readmangahentai.com/*","http*://www.masterbloodfer.org/*","http*://masterbloodfer.org/*","http*://www.mangatank.com/*","http*://www.snowflakescomic.com/*","http*://mangafox.mobi/*","http*://www.mangainn.me/*","http*://invisiblebread.com/*","http*://www.shiftylook.com/comics/*","http*://onlinereader.mangapirate.net/*","http*://www.8comic.com/love/*","http*://8comic.com/love/*","http*://www.mangahead.com/*","http*://mangahead.com/*","http*://www.vickifox.com/*","http*://www.spinnyverse.com/*","http*://zenpencils.com/*","http*://wootmanga.com/*","http*://hentai2read.com/*","http*://m.hentai2read.com/*","http*://komikmy.com/*/*/*","http*://www.hentaifr.net/doujinshisheng.php*","http*://www.sientoymiento.cl/*","http*://www.commissionedcomic.com/*","http*://www.mangasky.com/*","http*://mangapirate.net/*","http*://nomanga.com/*","http*://www.pipi.cl/*","http*://hentaimangaonline.com/*","http*://webcomics.yaoi911.com/*","http*://www.whompcomic.com/*","http*://actiontimebuddies.com/*","http*://www.superbrophybrothers.com/*","http*://www.surasplace.com/*","http*://surasplace.com/*","http*://mangacow.me/*","http*://fallensyndicate.com/reader/*","http*://www.nekothekitty.net/*","http*://curtailedcomic.com/*","http*://www.wiemanga.com/*","http*://img.wiemanga.com/*","http*://hentai4manga.com/*","http*://bradcolbow.com/*","http*://www.gaomanga.com/*","http*://www.theherobiz.com/*","http*://guildedage.net/comic/*","http*://betweenfailures.com/*","http*://www.claudeandmonet.com/*","http*://phobia.subcultura.es/tira/*","http*://www.manga-tu.be/*","http*://de.ninemanga.com/*","http*://proxer.me/*","http*://www.demanga.com/*","http*://www.meinmanga.com/*","http*://www.senmanga.com/*","http*://raw.senmanga.com/*","http*://www.mangaesta.net/*","http*://www.mabuns.web.id/*","http*://www.manga4indo.com/*","http*://www.bloomingfaeries.com/*","http*://www.friendshipscans.com/*","http*://neechan.net/*","http*://www.komikid.com/*","http*://komikid.com/*","http*://blog.komikid.com/*","http*://www.findchaos.com/*","http*://chaoslife.findchaos.com/*","http*://moonoverjune.com/*","http*://www.shadbase.com/*","http*://www.shagbase.com/*","http*://www.mrlovenstein.com/*","http*://www.anticscomic.com/*","http*://octopuns.blogspot.com/*","http*://www.onemanga.me/*","http*://mangacow.co/*","http*://www.mangabee.com/*","http*://www.ver-manga.net/*","http*://mangadoom.co/*","http*://www.powernapcomic.com/*","http*://www.ismanga.com/*","http*://www.mangabird.com/*","http*://mangachrome.com/*","http*://www.7manga.com/*","http*://7manga.com/*","http*://www.mangadevil.com/*","http*://mangadevil.com/*","http*://www.mangamofo.com/*","http*://*.hentai.ms/*","http*://view.mangamonger.com/*","http*://blackbird.ashen-ray.com/*","http*://carciphona.com/*","http*://ahs-comic.com/*","http*://www.gogetaroomie.com/*","http*://gogetaroomie.com/*","http*://*.thecomicseries.com/*","http*://www.sleepymaid.com/gallery/displayimage.php*","http*://sleepymaid.com/gallery/displayimage.php*","http*://www.squid-ops.com/*","http*://squid-ops.com/*","http*://www.endcomic.com/*","http*://www.thenoobcomic.com/*","http*://thenoobcomic.com/*","http*://zizki.com/*","http*://*.zizki.com/*","http*://pururin.com/*","http*://www.thedailyblink.com/*","http*://mangabandits.net/*","http*://www.neumanga.com/*","http*://www.pecintakomik.com/*","http*://www.schizmatic.com/*","http*://schizmatic.com/*","http*://www.yuri-ism.net/*","http*://www.bringbackroomies.com/*","http*://blindsprings.com/*","http*://www.wtfcomics.com/*archive.html?*","http*://wtfcomics.com/*archive.html?*","http*://www.olympusoverdrive.com/index.php?*","http*://olympusoverdrive.com/index.php?*","http*://*gucomics.com/*","http*://www.punksandnerds.com/*","http*://*.troutcave.net/*","http*://www.berserkersdaughter.com/*","http*://gingerhaze.com/nimona/comic/*","http*://aiacrowd.com/*","http*://aspect.waywardstudios.net/*","http*://chirault.sevensmith.net/*","http*://cucumber.gigidigi.com/*","http*://filteredfuzz.com/*","http*://www.dorktower.com/*","http*://mangajoy.com/*","http*://nhentai.net/*","http*://www.hejibits.com/*","http*://mangaindo.co/*","http*://5.79.87.81/*","http*://www.dm72.com/*","http*://dm72.com/*","http*://www.gao-subs.com/*","http*://www.mangawindow.com/*","http*://mangawindow.com/*","http*://omgmanga.com/*","http*://paintraincomic.com/*","http*://extrafabulouscomics.com/*"],"orig_matches":[],"orig_noframes":null,"orig_run_at":"document-idle","use_blockers":[],"use_connects":["userscripts.org"],"use_excludes":[],"use_includes":[],"use_matches":[]},"run_at":null,"sandbox":null,"tab_types":null,"unwrap":null,"user_modified":1710903224289},"settings":{"enabled":true,"position":8},"meta":{"name":"Webcomic Reader","uuid":"077e86db-52ca-4c7b-9baa-0f5c05c4d918","modified":1710903224287,"file_url":"https://openuserjs.org/install/ameboide/Webcomic_Reader.user.js"}}