{"ts":1710905304739,"data":{"SUC_last_update":"s1710902580930","wcr.settings":"s{\"default\":{\"teclas\":{\"back\":[{\"name\":\"LEFT\",\"keyCode\":\"37\",\"ctrlKey\":false,\"shiftKey\":false,\"altKey\":false},{\"name\":\"\",\"keyCode\":\"false\",\"ctrlKey\":false,\"shiftKey\":false,\"altKey\":false}],\"next\":[{\"name\":\"RIGHT\",\"keyCode\":\"39\",\"ctrlKey\":false,\"shiftKey\":false,\"altKey\":false},{\"name\":\"\",\"keyCode\":\"false\",\"ctrlKey\":false,\"shiftKey\":false,\"altKey\":false}],\"scroll_left\":[{\"name\":\"CTRL + LEFT\",\"keyCode\":\"37\",\"ctrlKey\":true,\"shiftKey\":false,\"altKey\":false},{\"name\":\"\",\"keyCode\":\"false\",\"ctrlKey\":false,\"shiftKey\":false,\"altKey\":false}],\"scroll_right\":[{\"name\":\"CTRL + RIGHT\",\"keyCode\":\"39\",\"ctrlKey\":true,\"shiftKey\":false,\"altKey\":false},{\"name\":\"\",\"keyCode\":\"false\",\"ctrlKey\":false,\"shiftKey\":false,\"altKey\":false}],\"scroll_up\":[{\"name\":\"CTRL + UP\",\"keyCode\":\"38\",\"ctrlKey\":true,\"shiftKey\":false,\"altKey\":false},{\"name\":\"\",\"keyCode\":\"false\",\"ctrlKey\":false,\"shiftKey\":false,\"altKey\":false}],\"scroll_down\":[{\"name\":\"CTRL + DOWN\",\"keyCode\":\"40\",\"ctrlKey\":true,\"shiftKey\":false,\"altKey\":false},{\"name\":\"\",\"keyCode\":\"false\",\"ctrlKey\":false,\"shiftKey\":false,\"altKey\":false}],\"reload\":[{\"name\":\".\",\"keyCode\":\"190\",\"ctrlKey\":false,\"shiftKey\":false,\"altKey\":false},{\"name\":\"\",\"keyCode\":\"false\",\"ctrlKey\":false,\"shiftKey\":false,\"altKey\":false}],\"set_bm\":[{\"name\":\"CTRL + ALT + B\",\"keyCode\":\"66\",\"ctrlKey\":true,\"shiftKey\":false,\"altKey\":true},{\"name\":\"\",\"keyCode\":\"false\",\"ctrlKey\":false,\"shiftKey\":false,\"altKey\":false}],\"add_bm\":[{\"name\":\"CTRL + ALT + A\",\"keyCode\":\"65\",\"ctrlKey\":true,\"shiftKey\":false,\"altKey\":true},{\"name\":\"\",\"keyCode\":\"false\",\"ctrlKey\":false,\"shiftKey\":false,\"altKey\":false}],\"layout\":[{\"name\":\"-\",\"keyCode\":\"189\",\"ctrlKey\":false,\"shiftKey\":false,\"altKey\":false},{\"name\":\"\",\"keyCode\":\"false\",\"ctrlKey\":false,\"shiftKey\":false,\"altKey\":false}],\"botones\":[{\"name\":\"SHIFT + -\",\"keyCode\":\"189\",\"ctrlKey\":false,\"shiftKey\":true,\"altKey\":false},{\"name\":\"\",\"keyCode\":\"false\",\"ctrlKey\":false,\"shiftKey\":false,\"altKey\":false}],\"fit\":[{\"name\":\"+\",\"keyCode\":\"187\",\"ctrlKey\":false,\"shiftKey\":false,\"altKey\":false},{\"name\":\"\",\"keyCode\":\"false\",\"ctrlKey\":false,\"shiftKey\":false,\"altKey\":false}],\"slide\":[{\"name\":\"CTRL + ALT + S\",\"keyCode\":\"83\",\"ctrlKey\":true,\"shiftKey\":false,\"altKey\":true},{\"name\":\"\",\"keyCode\":\"false\",\"ctrlKey\":false,\"shiftKey\":false,\"altKey\":false}],\"debug_mode\":[{\"name\":\"CTRL + ALT + X\",\"keyCode\":\"88\",\"ctrlKey\":true,\"shiftKey\":false,\"altKey\":true},{\"name\":\"\",\"keyCode\":\"false\",\"ctrlKey\":false,\"shiftKey\":false,\"altKey\":false}],\"debug_info\":[{\"name\":\",\",\"keyCode\":\"188\",\"ctrlKey\":false,\"shiftKey\":false,\"altKey\":false},{\"name\":\"\",\"keyCode\":\"false\",\"ctrlKey\":false,\"shiftKey\":false,\"altKey\":false}]},\"layout\":\"1\",\"botones\":\"1\",\"dim\":\"I\",\"bordex\":\"\",\"bordey\":\"\",\"chcursor_img\":\"1\",\"chcursor_btns\":\"1\",\"cursor_back\":\"5\",\"cursor_next\":\"6\",\"cursor_loading\":\"progress\",\"cursor_nolink\":\"not-allowed\",\"cursor_noimg\":\"pointer\",\"cursor_custom_3\":\"\",\"cursor_custom_4\":\"\",\"clickImgNavigates\":\"1\",\"click_img_izq\":\"1\",\"flipControlsManga\":\"0\",\"overwrite_links\":\"1\",\"goToBookmark\":\"1\",\"scroll_rate\":\"50\",\"b64_images\":\"0\",\"useHistoryAPI\":\"1\",\"moveWhileLoading\":\"0\",\"fit\":\"1\",\"achw\":\"0\",\"achh\":\"0\",\"agrw\":\"0\",\"agrh\":\"0\",\"maxScale\":\"\",\"minScale\":\"\",\"maxScaleReset\":\"0\",\"minScaleReset\":\"0\",\"scrollx\":\"\",\"scrolly\":\"\",\"prefetch_der\":\"5\",\"prefetch_izq\":\"5\",\"prefetch_start_der\":\"2\",\"prefetch_start_izq\":\"1\",\"prefetchNoNext\":\"1\",\"updateDays\":0,\"updateAction\":0,\"updateFlags\":65535},\"exhentai.org\":{\"confpag\":\"ds:g.e-hentai.org|exhentai.org\",\"last\":{\"url\":\"https://exhentai.org/s/d8076ed659/2715009-16\",\"title\":\"[樂弦小屋] HOLO SUMMER\"},\"achw\":\"1\",\"achh\":\"1\",\"agrw\":\"0\",\"agrh\":\"0\",\"bordex\":\"0\",\"bordey\":\"0\"},\"custompages\":{\"confpags\":{\"cs:g.e-hentai.org|exhentai.org\":{\"url\":{\"tipo\":\"str\",\"valor\":\"g.e-hentai.org|exhentai.org\"},\"img\":{\"tipo\":\"css\",\"valor\":[[\"#i3 a img, iframe + a img, .smi > a img\"]]},\"back\":{\"tipo\":\"fn\",\"valor\":\"function(html, pos){var num = Number(link[pos].match(/-(\\\\d+)(\\\\?.+)?$/)[1]);\\nvar as = xpath('//a[img]', html, true);\\nfor(var i=0; i<as.length; i++)\\n\\tif(as[i].href.match(new RegExp('-'+(num-1)+'(\\\\\\\\?|$)')))\\n\\t\\treturn as[i].href;\\nthrow 'fail';}\"},\"next\":{\"tipo\":\"fn\",\"valor\":\"function(html, pos){var num = Number(link[pos].match(/-(\\\\d+)(\\\\?.+)?$/)[1]);\\nvar as = xpath('//a[img]', html, true);\\nfor(var i=0; i<as.length; i++)\\n\\tif(as[i].href.match(new RegExp('-'+(num+1)+'(\\\\\\\\?|$)')))\\n\\t\\treturn as[i].href;\\nthrow 'fail';}\"},\"extra\":[{\"tipo\":\"xp\",\"valor\":[\"//div[span]\"]},{\"tipo\":\"str\",\"valor\":\"<span style=\\\"display:none\\\">\"},{\"tipo\":\"xp\",\"valor\":[\"//a[@onclick[contains(., \\\"nl\\\")]]\"]},{\"tipo\":\"str\",\"valor\":\"</span>\"}],\"scrollx\":{\"tipo\":\"str\",\"valor\":\"R\"}}}}}"}}