{"options":{"check_for_updates":true,"comment":null,"compat_foreach":false,"compat_metadata":false,"compat_powerful_this":null,"compat_wrappedjsobject":false,"compatopts_for_requires":true,"noframes":null,"override":{"merge_connects":true,"merge_excludes":true,"merge_includes":true,"merge_matches":true,"orig_connects":[],"orig_excludes":["/^https?:\\/\\/([a-z0-9-.]{0,52})(hdslb.com|csdnimg.cn)\\/.*$/"],"orig_includes":[],"orig_matches":["*://*/*"],"orig_noframes":null,"orig_run_at":"document-start","use_blockers":[],"use_connects":[],"use_excludes":[],"use_includes":[],"use_matches":[]},"run_at":null,"sandbox":null,"tab_types":null,"unwrap":null,"user_modified":null},"settings":{"enabled":true,"position":19},"meta":{"name":"跟踪链接净化","uuid":"0f7c0d88-14b0-4701-bb55-0211b06b1064","modified":1727657865219,"file_url":"https://update.greasyfork.org/scripts/456881/%E8%B7%9F%E8%B8%AA%E9%93%BE%E6%8E%A5%E5%87%80%E5%8C%96.user.js"}}