[
  {
    "FullPath": "C:\\Users\\Jordan\\Desktop",
    "Project": "Quick Access",
    "SortOrder": 0,
    "Alias": "",
    "IsFolder": true
  },
  {
    "FullPath": "C:\\Users\\Jordan\\Downloads",
    "Project": "Quick Access",
    "SortOrder": 0,
    "Alias": "",
    "IsFolder": true
  },
  {
    "FullPath": "C:\\Users\\Jordan\\Documents",
    "Project": "Quick Access",
    "SortOrder": 0,
    "Alias": "",
    "IsFolder": true
  },
  {
    "FullPath": "%RecycleBin%",
    "Project": "Quick Access",
    "SortOrder": 0,
    "Alias": "Recycle Bin",
    "IsFolder": true
  },
  {
    "FullPath": "C:\\Users\\Jordan",
    "Project": "Quick Access",
    "SortOrder": 0,
    "Alias": "",
    "IsFolder": true
  },
  {
    "FullPath": "C:\\Users\\Jordan\\Documents\\Programs",
    "Project": "Quick Access",
    "SortOrder": 0,
    "Alias": "",
    "IsFolder": true
  },
  {
    "FullPath": "D:\\JORDAN\\Media",
    "Project": "Quick Access",
    "SortOrder": 0,
    "Alias": "",
    "IsFolder": true
  },
  {
    "FullPath": "D:\\CSProject 2.5\\Renders and Cosmetics",
    "Project": "Quick Access",
    "SortOrder": 0,
    "Alias": "",
    "IsFolder": true
  },
  {
    "FullPath": "\\",
    "Project": "Jordan",
    "SortOrder": 0,
    "Alias": "This PC",
    "IsFolder": true
  },
  {
    "FullPath": "C:\\Users\\Jordan\\Desktop",
    "Project": "Jordan",
    "SortOrder": 0,
    "Alias": "Desktop",
    "IsFolder": true
  },
  {
    "FullPath": "C:\\Users\\Jordan\\Documents",
    "Project": "Jordan",
    "SortOrder": 0,
    "Alias": "Documents",
    "IsFolder": true
  },
  {
    "FullPath": "C:\\Users\\Jordan\\Downloads",
    "Project": "Jordan",
    "SortOrder": 0,
    "Alias": "Downloads",
    "IsFolder": true
  },
  {
    "FullPath": "C:\\Users\\Jordan\\Music",
    "Project": "Jordan",
    "SortOrder": 0,
    "Alias": "Music",
    "IsFolder": true
  },
  {
    "FullPath": "C:\\Users\\Jordan\\Pictures",
    "Project": "Jordan",
    "SortOrder": 0,
    "Alias": "Pictures",
    "IsFolder": true
  },
  {
    "FullPath": "C:\\Users\\Jordan\\Videos",
    "Project": "Jordan",
    "SortOrder": 0,
    "Alias": "Videos",
    "IsFolder": true
  }
]