{
  "userSettings": {
    "PC_DESKTOP-4MOLMBG": {
      "Rapidrive.Properties.Settings": {
        "AB": "A",
        "ActivationKey": "",
        "ActivationKeyStore": "",
        "AskedToPurchaseLicense": "False",
        "CheckIfFolderExistsBeforeOpeningAsync": "True",
        "CustomComputerName": "This PC",
        "CustomThemePath": "",
        "DefaultPath": "\\",
        "DisableStylusAndTouchSupport": "False",
        "EnableActiveXPreview": "False",
        "EnablePointerSupport": "False",
        "EnableSFP": "False",
        "ExcludedShellContextMenuItems": "windows.share,windows.modernshare,cast to device,pintostartscreen,pintohome,copyaspath,open in one commander",
        "FileOperationHandler": "TeraCopy",
        "FileViewDefaultName": "Default",
        "FileViewThumbnailName": "Thumbnail Grid",
        "FirstStart": "True",
        "FixFpu": "False",
        "FolderRefreshTimer": "600",
        "HasStats": "False",
        "HasStats2": "True",
        "HistoryMaxItems": "5",
        "InfoTipLanguage": "en",
        "Language": "",
        "LastOpenedWindow": "2",
        "LastRunPath": "C:\\Users\\Jordan\\Documents\\Programs\\OneCommander",
        "LastUpdateCheck": "",
        "LogDetailedMessages": "False",
        "MenuItemPadding": "1",
        "NamedLicense": "",
        "NumberOfCrashes": "0",
        "NumberOfRuns": "48",
        "OneDrivePath": "",
        "OpenConnectorOnStart": "False",
        "OpenRecycleBinInExplorer": "False",
        "ProgramVersion": "3.11.3.0",
        "SessionExitCode": "-1",
        "ShellContextMenuSyncCascadeMenu": "False",
        "ShellContextMenuVersion": "1",
        "ShowCrashDialog": "False",
        "ShowFileAttributes": "True",
        "ShowFileStatusOnNetwork": "False",
        "TempShowNameOnlyOnRightEdge": "False",
        "ThemeDark": "Dark",
        "ThemeLight": "Light",
        "UpgradeRequired": "True",
        "UseAlternativeWayToRestartAsAdmin": "False",
        "UseCustomComputerName": "False",
        "UseDragDropEffectsCopy": "False",
        "UseHardwareRendering": "True",
        "UseHighResolutionScrolling": "True",
        "UseLayoutRounding": "True",
        "UseOneCommanderUpdater": "True",
        "UseWinEHotkey": "False",
        "VotedStoreAw": "True",
        "WindowPlacementFileAutomator": "{\"length\":44,\"flags\":0,\"showCmd\":1,\"ptMinPosition\":{\"x\":-1,\"y\":-1},\"ptMaxPosition\":{\"x\":-1,\"y\":-1},\"rcNormalPosition\":{\"left\":963,\"top\":42,\"right\":1863,\"bottom\":1002}}",
        "WindowPlacementPreview": "{\"length\":44,\"flags\":0,\"showCmd\":1,\"ptMinPosition\":{\"x\":-1,\"y\":-1},\"ptMaxPosition\":{\"x\":-1,\"y\":-1},\"rcNormalPosition\":{\"left\":60,\"top\":60,\"right\":1860,\"bottom\":1020}}",
        "WindowPlacementSearch": "{\"length\":44,\"flags\":0,\"showCmd\":1,\"ptMinPosition\":{\"x\":-1,\"y\":-1},\"ptMaxPosition\":{\"x\":-1,\"y\":-1},\"rcNormalPosition\":{\"left\":1186,\"top\":6,\"right\":1786,\"bottom\":966}}",
        "WindowPlacementSettings": "{\"length\":44,\"flags\":0,\"showCmd\":1,\"ptMinPosition\":{\"x\":-1,\"y\":-1},\"ptMaxPosition\":{\"x\":-1,\"y\":-1},\"rcNormalPosition\":{\"left\":1169,\"top\":51,\"right\":1799,\"bottom\":1011}}"
      }
    },
    "roaming": {
      "Rapidrive.Properties.Settings": {
        "AccentColor": "#FF0078D7",
        "AnimationDuration": "250",
        "AskToCloseToSystray": "False",
        "AutoSwitchToThumbView": "False",
        "BoldifyNumbers": "False",
        "BrowserCollapseBreakpointHeight": "240",
        "BrowserCollapseBreakpointWidth": "350",
        "ButtonsToolbarVisibility": "Visible",
        "CleanFilenames": "False",
        "ClearHistoryOnClose": "True",
        "CloseToSystray": "True",
        "ColorizeLargeFileSize": "False",
        "ColumnClickToOpen": "True",
        "ColumnsAlignment": "Right",
        "ColumnsAlignmentNavPane": "Left",
        "ColumnsCreateNewWithoutAnimating": "True",
        "ColumnsHeight": "257",
        "ColumnsMainPanelWidth": "500",
        "ColumnsMainPanelWidthVertical": "200",
        "ColumnsPanelExpand": "True",
        "ColumnsPanelExpandDelay": "1000",
        "ColumnsPanelExpandDuration": "600",
        "ColumnsPanelExpandHorizontal": "False",
        "ColumnsPanelExpandMaxWidth": "200",
        "ColumnsPanelWidth": "200",
        "ColumnsPanelWidthMinimum": "10",
        "ColumnsPanelWidthSmall": "128",
        "CommandShell": "CMD",
        "CreateTabAfterCurrent": "False",
        "CustomShellArguments": "&quot;C:\\Program\\Path.exe&quot; -someArg &quot;$CurrentPath&quot;",
        "DateFormat": "MM-dd-yyyy",
        "DefaultBrowserLayout": "Vertical",
        "DefaultSortDirection": "Ascending",
        "DefaultSortFilesBy": "FileName",
        "DefaultSortFoldersOnTop": "True",
        "DeletePrompt": "False",
        "DragAlwaysMoves": "True",
        "DrawFilenameUnderThumb": "False",
        "DrivePaneTitleType": "3",
        "EMail": "your@email.com",
        "EnableAnimations": "True",
        "ExcludedWatcherKeywords": "\\AppData\\,\\ProgramData\\,\\$RECYCLE.BIN,\\Prefetch\\,\\System Volume Information\\,.tmp",
        "ExtractAllFolderIcons": "False",
        "FavoritesBackupPath": "",
        "FileAgeLuma": "190",
        "FileAgeSaturation": "200",
        "FileAgeType": "var",
        "FileIconsTheme": "Fileicons.org",
        "FileNameMaxLines": "2",
        "FileNameTrimming": "End",
        "FileSizeFormat": "Var",
        "FLBNavButtonsVisibility": "Visible",
        "FLBSortButtonsVisibility": "Visible",
        "FLBSummaryVisibility": "Collapsed",
        "FLBTitleVisibility": "Visible",
        "FolderColumnsMode": "2",
        "FolderIconsTheme": "Light",
        "FoldersSortByNameAlways": "False",
        "Font": "",
        "FontStretch": "Normal",
        "FPClearItemOnDone": "False",
        "HandleAllArchives": "False",
        "HasVoted": "False",
        "HideExtensionIfExtensionColumnVisible": "False",
        "HideLastWindow": "False",
        "HideTempFiles": "False",
        "InheritFilesView": "True",
        "InterceptPaste": "True",
        "IsPro": "False",
        "ItemBackgroundColorSource": "None",
        "ItemFontSize": "12",
        "KeepFolderDate": "True",
        "LicenseAccepted": "True",
        "ListItemPadding": "2",
        "MainFolderIcon": "Wired White",
        "MetaMaxLineCount": "3",
        "MetaTextExtensions": "txt,text,md,ini,xml,json,html,htm,config,conf,cfg,srt,sub,ascii,asc,nfo,inf,readme,me,!!!,1st,url",
        "MinimizeToTray": "True",
        "MMBOpenNewTab": "True",
        "NewTabClonesCurrent": "False",
        "OpenArgsPathInNewTab": "True",
        "OpenFilesThroughExplorer": "False",
        "OpenFlyoutOnDrag": "False",
        "OpenRecycleBinInExplorer": "False",
        "PowershellArguments": "-noexit -Command \"Set-Location -LiteralPath '$CurrentPath';cls\"",
        "PreviewAutoplayMedia": "True",
        "PreviewFitPdf": "False",
        "PreviewHeight": "152",
        "PreviewSmoothInterpolate": "True",
        "PreviewWidth": "300",
        "RadarLogDeletedItems": "True",
        "RenameClickingOutside": "-1",
        "RenameOnLostFocus": "False",
        "RenameWithSecondClick": "True",
        "RestoreSession": "False",
        "SaveLinkOfDroppedItem": "True",
        "ScrollbarType": "0",
        "SelectFirstItem": "False",
        "ShellUseNewThread": "True",
        "ShowDrivesInSidebar": "True",
        "ShowExtensionRenameWarning": "True",
        "ShowExtensionWhenRenaming": "True",
        "ShowFileAgeIndicator": "False",
        "ShowFileExtension": "True",
        "ShowFilesViewToolbar": "True",
        "ShowFolderBackgroundImage": "True",
        "ShowFolderSize": "False",
        "ShowFolderSizeOnNetwork": "False",
        "ShowFullPath": "False",
        "ShowHiddenFiles": "True",
        "ShowHistoryInSidebar": "False",
        "ShowMetadataOnNetwork": "False",
        "ShowNotificationInTitleBar": "False",
        "ShowNotificationOfTextOnClipboard": "True",
        "ShowPathColumnsInFilesProcessor": "False",
        "ShowRenameSuggestions": "False",
        "ShowSafetyDialogs": "False",
        "ShowScriptRunConfirmationDialog": "True",
        "ShowScriptsButton": "True",
        "ShowSubfoldersCount": "True",
        "ShowSystemFiles": "False",
        "ShowWarningOnExtensionChange": "True",
        "ShowWatcherErrors": "True",
        "ShowWindowNameInTaskbar": "False",
        "SidebarExpandedWidth": "240",
        "SingleClickOpensFile": "False",
        "SingleClickOpensFolder": "False",
        "SinglePassListing": "True",
        "SkipReparsePoints": "False",
        "StartDragWithoutActivatingWindow": "True",
        "StretchAllImagesInPreview": "False",
        "SwitchDesktopOnOpen": "True",
        "SwitchToNewTab": "False",
        "SwitchToWindow": "True",
        "TaskbarDisplayEnabled": "True",
        "TaskmasterMode": "ask",
        "TerminalArguments": "-d $CurrentPath",
        "ThemeName": "Dark",
        "ThumbnailBlacklist": "2do,2dx",
        "TimeFormat": "HH:mm",
        "TIP_ChangingThumbSize": "False",
        "TipBrowserPaneButtons": "False",
        "TipPreview": "False",
        "TipPreviewDisabledWhenFiltering": "False",
        "TipRMB": "True",
        "TipSystray": "True",
        "TipWindowSelect": "False",
        "TipWSL": "True",
        "UseAcrylic": "True",
        "UseDoubleClickToOpenParent": "False",
        "UseFileAgeColor": "False",
        "UseGoogleMaps": "False",
        "UseMebibytes": "True",
        "UseNewPdfViewer": "True",
        "UseNewVirtualDesktopManager": "True",
        "UsePdfHandler": "True",
        "UsePerPaneWatchers": "True",
        "UsePixelScrolling": "True",
        "UsePreviewWindow": "True",
        "UseQuickLook": "True",
        "UseSecondClickToRenameTimeout": "True",
        "UseSetDataFileDrop": "False",
        "UseSingleNewItemButton": "True",
        "UseSystemTheme": "False",
        "UseTaskmaster": "False",
        "UseVisorHotkey": "False",
        "VotedForIcon": "True"
      }
    }
  }
}