{
  "Name": "2",
  "WindowPlacement": {
    "length": 44,
    "flags": 0,
    "showCmd": 1,
    "ptMinPosition": {
      "x": -1,
      "y": -1
    },
    "ptMaxPosition": {
      "x": -1,
      "y": -1
    },
    "rcNormalPosition": {
      "left": 2305,
      "top": 125,
      "right": 3349,
      "bottom": 834
    }
  },
  "browsersLayoutSplit": 1,
  "layout1Properties": {
    "IsPathMode": true,
    "DesiredColumnsHeight": 257.0,
    "DesiredPreviewHeight": 152.0,
    "DesiredPreviewWidth": 300.0,
    "IsPreviewExpandedInHorizontalLayout": true,
    "IsPreviewExpandedInVerticalLayout": true
  },
  "layout2Properties": {
    "IsPathMode": true,
    "DesiredColumnsHeight": 257.0,
    "DesiredPreviewHeight": 128.0,
    "DesiredPreviewWidth": 300.0,
    "IsPreviewExpandedInHorizontalLayout": true,
    "IsPreviewExpandedInVerticalLayout": true
  },
  "BrowserTopHeight": 1.0,
  "BrowserBottomHeight": 1.0,
  "BrowserLeftWidth": 1.0,
  "BrowserRightWidth": 1.0,
  "ActiveBrowserNumber": 0,
  "ShowDualPane": false,
  "SavedDualPane": false,
  "SidebarExpandedWidth": 240.0,
  "IsSidebarExpanded": true
}