{"options":{"check_for_updates":true,"comment":null,"compat_foreach":false,"compat_metadata":false,"compat_powerful_this":null,"compat_prototypes":false,"compat_wrappedjsobject":true,"compatopts_for_requires":true,"noframes":null,"override":{"merge_connects":true,"merge_excludes":true,"merge_includes":true,"merge_matches":true,"orig_connects":["4chan.org","4channel.org","4cdn.org","4chenz.github.io","archive.4plebs.org","archive.nyafuu.org","warosu.org","desuarchive.org","boards.fireden.net","arch.b4k.co","archive.b-stats.org","archived.moe","thebarchive.com","archiveofsins.com","www.tokyochronos.net","archive.wakarimasen.moe","api.clyp.it","api.dailymotion.com","api.github.com","soundcloud.com","api.streamable.com","vimeo.com","www.youtube.com","*"],"orig_excludes":["http://www.4chan.org/advertise","https://www.4chan.org/advertise","http://www.4chan.org/advertise?*","https://www.4chan.org/advertise?*","http://www.4chan.org/donate","https://www.4chan.org/donate","http://www.4chan.org/donate?*","https://www.4chan.org/donate?*","http://www.4channel.org/advertise","https://www.4channel.org/advertise","http://www.4channel.org/advertise?*","https://www.4channel.org/advertise?*","http://www.4channel.org/donate","https://www.4channel.org/donate","http://www.4channel.org/donate?*","https://www.4channel.org/donate?*"],"orig_includes":["http://boards.4chan.org/*","https://boards.4chan.org/*","http://sys.4chan.org/*","https://sys.4chan.org/*","http://www.4chan.org/*","https://www.4chan.org/*","http://boards.4channel.org/*","https://boards.4channel.org/*","http://sys.4channel.org/*","https://sys.4channel.org/*","http://www.4channel.org/*","https://www.4channel.org/*","http://i.4cdn.org/*","https://i.4cdn.org/*","http://is.4chan.org/*","https://is.4chan.org/*","http://is2.4chan.org/*","https://is2.4chan.org/*","http://is.4channel.org/*","https://is.4channel.org/*","http://is2.4channel.org/*","https://is2.4channel.org/*","https://erischan.org/*","https://www.erischan.org/*","https://fufufu.moe/*","https://gnfos.com/*","https://himasugi.blog/*","https://www.himasugi.blog/*","https://kakashi-nenpo.com/*","https://www.kakashi-nenpo.com/*","https://kissu.moe/*","https://www.kissu.moe/*","https://lainchan.org/*","https://www.lainchan.org/*","https://merorin.com/*","https://ota-ch.com/*","https://www.ota-ch.com/*","https://ponyville.us/*","https://www.ponyville.us/*","https://smuglo.li/*","https://notso.smuglo.li/*","https://smugloli.net/*","https://smug.nepu.moe/*","https://sportschan.org/*","https://www.sportschan.org/*","https://sushigirl.us/*","https://www.sushigirl.us/*","https://tvch.moe/*","https://www.google.com/recaptcha/api2/anchor?k=6Ldp2bsSAAAAAAJ5uyx_lx34lJeEpTLVkP5k04qc*","https://www.google.com/recaptcha/api2/frame?*&k=6Ldp2bsSAAAAAAJ5uyx_lx34lJeEpTLVkP5k04qc*","https://www.google.com/recaptcha/api2/frame?*&k=887877714&*","https://www.google.com/recaptcha/api2/bframe?*&k=6Ldp2bsSAAAAAAJ5uyx_lx34lJeEpTLVkP5k04qc*","http://www.google.com/recaptcha/api/fallback?k=6Ldp2bsSAAAAAAJ5uyx_lx34lJeEpTLVkP5k04qc*","https://www.google.com/recaptcha/api/fallback?k=6Ldp2bsSAAAAAAJ5uyx_lx34lJeEpTLVkP5k04qc*"],"orig_matches":[],"orig_noframes":null,"orig_run_at":"document-start","use_blockers":[],"use_connects":[],"use_excludes":[],"use_includes":[],"use_matches":[]},"run_at":null,"tab_types":null},"settings":{"enabled":true,"position":2},"meta":{"name":"4chan X","uuid":"ae5a7644-cad3-4c5c-86a7-56f548bcffd3","modified":1625815774868,"file_url":"https://www.4chan-x.net/builds/4chan-X.user.js"}}