{"options":{"check_for_updates":true,"comment":null,"compat_foreach":false,"compat_metadata":false,"compat_powerful_this":null,"compat_prototypes":false,"compat_wrappedjsobject":false,"compatopts_for_requires":true,"noframes":null,"override":{"merge_connects":true,"merge_excludes":true,"merge_includes":true,"merge_matches":true,"orig_connects":[],"orig_excludes":[],"orig_includes":["*://google.*","*://www.google.*","*://encrypted.google.*"],"orig_matches":["*://yandex.ru/*","*://yandex.ua/*","*://yandex.by/*","*://yandex.kz/*","*://yandex.com.tr/*","*://yandex.com/*","*://*.yandex.ru/*","*://*.yandex.ua/*","*://*.yandex.by/*","*://*.yandex.kz/*","*://*.yandex.com.tr/*","*://*.yandex.com/*","*://youtube.com/*","*://*.youtube.com/*","*://wikimapia.org/*","*://deviantart.com/*","*://*.deviantart.com/*","*://joyreactor.cc/*","*://*.joyreactor.cc/*","*://reactor.cc/*","*://*.reactor.cc/*","*://joyreactor.com/*","*://*.joyreactor.com/*","*://vk.com/*","*://*.vk.com/*","*://ok.ru/*","*://*.ok.ru/*","*://steamcommunity.com/*","*://*.steamcommunity.com/*","*://facebook.com/*","*://*.facebook.com/*","*://twitter.com/*","*://*.twitter.com/*","*://4pda.ru/*","*://*.4pda.ru/*","*://kat.cr/*","*://kickassto.co/*","*://katproxy.is/*","*://thekat.tv/*","*://*.kat.cr/*","*://*.kickassto.co/*","*://*.katproxy.is/*","*://*.thekat.tv/*","*://addons.mozilla.org/*","*://pixiv.net/*","*://*.pixiv.net/*","*://tumblr.com/*","*://*.tumblr.com/*","*://danieldefo.ru/*","*://*.danieldefo.ru/*","*://yaplakal.com/*","*://*.yaplakal.com/*","*://soundcloud.com/*","*://*.soundcloud.com/*","*://upwork.com/*","*://*.upwork.com/*","*://picarto.tv/*","*://*.picarto.tv/*","*://taker.im/*","*://*.taker.im/*","*://*.forumavia.ru/*","*://*.slack.com/*","*://instagram.com/*","*://*.instagram.com/*"],"orig_noframes":null,"orig_run_at":"document-idle","use_blockers":[],"use_connects":[],"use_excludes":[],"use_includes":[],"use_matches":[]},"run_at":null,"tab_types":null},"settings":{"enabled":false,"position":11},"meta":{"name":"Direct links out","uuid":"c6ac8092-9ca8-479c-8c03-b938c4f69076","modified":1620887687808,"file_url":"https://openuserjs.org/install/nokeya/Direct_links_out.user.js"}}