{"options":{"check_for_updates":true,"comment":null,"compat_foreach":false,"compat_metadata":false,"compat_powerful_this":null,"compat_prototypes":false,"compat_wrappedjsobject":false,"compatopts_for_requires":true,"noframes":null,"override":{"merge_connects":true,"merge_excludes":true,"merge_includes":true,"merge_matches":true,"orig_connects":[],"orig_excludes":["https://apis.google.com/*","https://accounts.google.com/*","https://support.google.com/*","https://www.google.com/recaptcha/*","https://hangouts.google.com/webchat/*"],"orig_includes":["https://www.newegg.com/*","https://www.newegg.ca/*","https://www.bing.com/*","https://www.youtube.com/*","https://www.imdb.com/*","https://www.facebook.com/*","https://disqus.com/embed/comments/*","/^https://(www|smile)\\.amazon(\\.com?)?\\.\\w{2,3}/.*$/","/^https?://\\w+\\.google(\\.com?)?\\.\\w{2,3}/.*$/","/^https://[\\w.]+\\.ebay(desc)?(\\.com?)?\\.\\w{2,3}/.*$/","/^https://[\\w\\d.]*twitter.com/.*$/","/^https?://(www\\.)?staticice\\.com\\.au/.*$/"],"orig_matches":[],"orig_noframes":null,"orig_run_at":"document-start","use_blockers":[],"use_connects":[],"use_excludes":[],"use_includes":[],"use_matches":[]},"run_at":null,"tab_types":null},"settings":{"enabled":false,"position":12},"meta":{"name":"General URL Cleaner","uuid":"676c8908-78e9-4991-b2ee-73ede983ce47","modified":1620928265586,"file_url":"https://greasyfork.org/scripts/10096-general-url-cleaner/code/General%20URL%20Cleaner.user.js"}}