{"options":{"check_for_updates":true,"comment":null,"compatopts_for_requires":true,"compat_wrappedjsobject":false,"compat_metadata":false,"compat_foreach":false,"compat_prototypes":false,"compat_powerful_this":null,"noframes":null,"unwrap":null,"run_at":null,"tab_types":null,"override":{"merge_connects":true,"merge_excludes":true,"merge_includes":true,"merge_matches":true,"orig_connects":[],"orig_excludes":["http*://*.youtube.com/*.xml*","http*://*.youtube.com/error*","http*://music.youtube.com/*","http*://accounts.youtube.com/*"],"orig_includes":["http*://*.youtube.com/*","http*://*.youtube-nocookie.com/*","http*://raingart.github.io/options.html*"],"orig_matches":[],"orig_noframes":null,"orig_run_at":"document-start","use_blockers":[],"use_connects":[],"use_excludes":[],"use_includes":[],"use_matches":[]}},"settings":{"enabled":true,"position":1},"meta":{"name":"Nova YouTube","uuid":"6597587a-0187-4ed0-b07f-83e875149144","modified":1654398777055,"file_url":"https://openuserjs.org/install/raingart/Nova_YouTube.user.js"}}