{"ts":1654416089694,"data":{"user_settings":"o{\"player-float-progress-bar\": \"on\",\"player_float_progress_bar_height\": \"3\",\"player_float_progress_bar_opacity\": \"0.7\",\"video-quality\": \"on\",\"video_quality\": \"hd1080\",\"video_quality_manual_save_in_tab\": \"on\",\"player-indicator\": \"on\",\"player_indicator_type\": \"text-top\",\"player-hotkeys-focused\": \"on\",\"ad-skip-button\": \"on\",\"player-loop\": \"on\",\"player-buttons-custom\": \"on\",\"player_buttons_custom_items\": \"thumbnail\",\"video-unblock-region\": \"on\",\"player-disable-fullscreen-scroll\": \"on\",\"theater-mode\": \"on\",\"player_full_viewport_mode\": \"false\",\"player-pin-scroll\": \"on\",\"player_float_scroll_size_ratio\": \"3.3\",\"player_float_scroll_position\": \"top-right\",\"player_float_scroll_sensivity_range\": \"60\",\"disable-player-sleep-mode\": \"on\",\"thumbnails-title-normalize\": \"on\",\"thumbnails-watched\": \"on\",\"thumbnails_watched_frame_color\": \"#ff0000\",\"channel-default-tab\": \"on\",\"channel_default_tab\": \"videos\",\"channel_default_tab_mode\": \"redirect\",\"scroll-to-top\": \"on\",\"shorts-redirect\": \"on\",\"shorts_thumbnails_time\": \"on\",\"page-title-time\": \"on\",\"page_title_time_mode\": \"left\",\"description-timestamps-scroll\": \"on\",\"redirect-disable\": \"on\",\"playlist-duration\": \"on\",\"playlist_duration_progress_type\": \"false\",\"custom-api-key\": \"\"}"}}