{"options":{"check_for_updates":true,"comment":null,"compat_foreach":false,"compat_metadata":false,"compat_powerful_this":null,"compat_prototypes":false,"compat_wrappedjsobject":false,"compatopts_for_requires":true,"noframes":null,"override":{"merge_connects":true,"merge_excludes":true,"merge_includes":true,"merge_matches":true,"orig_connects":[],"orig_excludes":[],"orig_includes":[],"orig_matches":["*://boards.4chan.org/*","*://boards.4channel.org/*"],"orig_noframes":null,"orig_run_at":"document-start","use_blockers":[],"use_connects":[],"use_excludes":[],"use_includes":[],"use_matches":[]},"run_at":null,"tab_types":null},"settings":{"enabled":true,"position":3},"meta":{"name":"OneeChan","uuid":"90ca1def-9fb9-45e2-94a7-3745ca98adc5","modified":1620171709177,"file_url":"https://github.com/KevinParnell/OneeChan/raw/master/builds/OneeChan.user.js"}}