{"ts":1614679600066,"data":{"xlinks-settings":"s{\"version\":[1,2,8,26],\"settings_version\":1,\"general\":{\"automatic_processing\":true,\"iconify\":false,\"changelog_on_update\":true,\"external_resources\":true,\"image_leeching_disabled\":false,\"compatibility_check\":true,\"rewrite_links\":\"none\"},\"sites\":{\"ehentai\":true,\"ehentai_ext\":false,\"nhentai\":true,\"hitomi\":true},\"details\":{\"enabled\":true,\"tag_namespace_newline\":false,\"hover_position\":-0.25,\"opacity\":1,\"opacity_bg\":0.93},\"actions\":{\"enabled\":true,\"close_on_click\":true},\"sauce\":{\"enabled\":true,\"expunged\":false,\"label\":\"\",\"lookup_domain\":\"exhentai.org\"},\"easy_list\":{\"enabled\":true,\"only_header_icon\":false},\"filter\":{\"enabled\":true,\"full_highlighting\":false,\"good_tag_marker\":\"!\",\"bad_tag_marker\":\"\",\"filters\":\"# Highlight all doujinshi and manga galleries with (C88) in the name:\\n# /\\\\(C88\\\\)/i;only:doujinshi,manga;link-color:red;color:#FF0000;title\\n# Highlight \\\"english\\\" and \\\"translated\\\" tags in non-western non-non-h galleries:\\n# /english|translated/i;not:western,non-h;colors:#4080F0;tag\\n# Highlight galleries tagged with \\\"touhou project\\\":\\n# /touhou project/i;underlines:rgba(255,128,64,1);tag;title\\n# Highlight releases translated by {5 a.m.}:\\n# /\\\\{?5\\\\s*a[\\\\.,]?m[\\\\.,]?\\\\}?/i;title;bgs:#3BC620;colors:#FDFA18;\\n# Don't highlight anything uploaded by \\\"CGrascal\\\"\\n# /CGrascal/i;bad:yes;uploader;title;\"},\"debug\":{\"enabled\":false,\"cache_mode\":\"local\"}}"}}