{"options":{"check_for_updates":true,"comment":null,"compat_foreach":false,"compat_metadata":false,"compat_powerful_this":null,"compat_prototypes":false,"compat_wrappedjsobject":false,"compatopts_for_requires":true,"noframes":null,"override":{"merge_connects":true,"merge_excludes":true,"merge_includes":true,"merge_matches":true,"orig_connects":[],"orig_excludes":[],"orig_includes":[],"orig_matches":["https://music.youtube.com/*"],"orig_noframes":null,"orig_run_at":"document-start","use_blockers":[],"use_connects":[],"use_excludes":[],"use_includes":[],"use_matches":[]},"run_at":null,"tab_types":null},"settings":{"enabled":true,"position":10},"meta":{"name":"Youtube Music Auto confirmer","uuid":"12310930-e3dc-4632-806a-46d39bfb75a0","modified":1625142038380,"file_url":"https://greasyfork.org/scripts/395507-youtube-music-auto-confirmer/code/Youtube%20Music%20Auto%20confirmer.user.js"}}