{"options":{"check_for_updates":true,"comment":null,"compat_foreach":false,"compat_metadata":false,"compat_powerful_this":null,"compat_prototypes":false,"compat_wrappedjsobject":false,"compatopts_for_requires":true,"noframes":null,"override":{"merge_connects":true,"merge_excludes":true,"merge_includes":true,"merge_matches":true,"orig_connects":[],"orig_excludes":[],"orig_includes":["https://www.youtube.com/*","https://www.youtube.com/embed/*","https://www.youtube-nocookie.com/embed/*"],"orig_matches":[],"orig_noframes":null,"orig_run_at":"document-start","use_blockers":[],"use_connects":[],"use_excludes":[],"use_includes":[],"use_matches":[]},"run_at":null,"tab_types":null},"settings":{"enabled":false,"position":14},"meta":{"name":"YouTube CPU Tamer","uuid":"c6973d02-fa78-466b-ba5d-1cf09557ecd0","modified":1620929263531,"file_url":"https://greasyfork.org/scripts/418283-youtube-cpu-tamer/code/YouTube%20CPU%20Tamer.user.js"}}