[
  {
    "TagName": "Blue",
    "Uid": "10dbd573-4544-4983-b264-ab2711ede5c1",
    "ColorString": "#0072BD"
  },
  {
    "TagName": "Orange",
    "Uid": "22e77510-3bec-46ae-b50a-6efedada8529",
    "ColorString": "#D95319"
  },
  {
    "TagName": "Yellow",
    "Uid": "e05c272b-c9d8-4454-8e16-b0ce506aaace",
    "ColorString": "#EDB120"
  },
  {
    "TagName": "Green",
    "Uid": "123d2173-0a0b-47ef-9b4b-65679063b665",
    "ColorString": "#77AC30"
  },
  {
    "TagName": "Azure",
    "Uid": "cf555880-3424-4ab3-bf77-fea8ba3c9ab2",
    "ColorString": "#4DBEEE"
  }
]