{
  "ContinueLastSessionOnStartUp": false,
  "OpenSpecificPageOnStartup": false,
  "DefaultLayoutMode": 1,
  "DefaultGridViewSize": 100,
  "DefaultDirectorySortOption": 0,
  "DefaultDirectoryGroupOption": 0,
  "DefaultDirectorySortDirection": 0,
  "ShowDateCreatedColumn": false,
  "ShowDateColumn": true,
  "ShowTypeColumn": true,
  "ShowSizeColumn": true,
  "ShowFileTagColumn": true,
  "IsDualPaneEnabled": false,
  "IsSidebarOpen": true,
  "IsVerticalTabFlyoutEnabled": true,
  "Content": 1,
  "SidebarWidth": 255.0,
  "ShowFileExtensions": true,
  "AreHiddenItemsVisible": true,
  "AreFileTagsEnabled": false,
  "ShowLibrarySection": false,
  "ShowFavoritesSection": true,
  "ShowFoldersWidget": true,
  "ShowDrivesWidget": true,
  "ShowBundlesWidget": false,
  "ShowRecentFilesWidget": false,
  "FoldersWidgetExpanded": true,
  "DrivesWidgetExpanded": true,
  "RecentFilesWidgetExpanded": false,
  "ShowFolderSize": false,
  "ShowDrivesSection": true,
  "ShowNetworkDrivesSection": false,
  "PinRecycleBinToSidebar": true,
  "ShowCloudDrivesSection": false,
  "ShowConfirmDeleteDialog": true,
  "OpenFoldersInNewTab": false,
  "AreSystemItemsHidden": true,
  "ShowDotFiles": true,
  "ListAndSortDirectoriesAlongsideFiles": false,
  "OpenFilesWithOneClick": false,
  "OpenFoldersWithOneClick": true,
  "SearchUnindexedItems": true,
  "AreLayoutPreferencesPerFolder": true,
  "AdaptiveLayoutEnabled": true,
  "OpenNewTabOnStartup": true,
  "AlwaysOpenNewInstance": false,
  "AlwaysOpenDualPaneInNewTab": false,
  "MoveOverflowMenuItemsToSubMenu": false,
  "ShowWslSection": false,
  "ShowPreviewOnly": true,
  "BundlesWidgetExpanded": true,
  "VerticalSizePx": 250.0,
  "MediaVolume": 1.0,
  "TabsOnStartupList": null
}